,NoDur,Durbl,Manuf,Enrgy,HiTec,Telcm,Shops,Hlth ,Utils,Other
1980-01-01,0.45269839100241693,0.16540615482334564,0.4582542376166332,0.8737231206890631,-0.3085221753345637,0.7219304453836755,-0.23458578362038462,-0.07362217974865576,-0.17379383342471466,-0.8814883773868167
1980-02-01,0.5417277730445442,0.14810797222435312,0.5011380513590673,0.9433131952646423,-0.28265339242868803,0.7083485438711663,-0.22612626923919343,-0.11855685929389681,-0.2085840616768096,-1.0067149531251864
1980-03-01,0.5490086601546103,0.15171828411775612,0.3707128341205763,0.7938575770084821,-0.33601987392140953,0.8192680910774458,-0.21012917142402987,0.03859540589684285,-0.1931564668695162,-0.9838553401607588
1980-04-01,0.6139304451061127,0.05914740966778953,0.18961104170368426,0.7854697160523908,-0.25993499488596217,0.8330349358914017,-0.20542775253030054,0.014923341461117345,-0.22102836067021847,-0.8097257817960128
1980-05-01,0.6067033207028247,-0.01202233879867387,0.1930103342217211,0.7265326984447678,-0.2546831244760144,0.8248767999278744,-0.1425610859367934,0.016956144407106133,-0.21474552731083596,-0.7440672211819754
1980-06-01,0.4353885905070207,-0.06109592774089534,0.10838855598974728,0.6965450474243401,-0.08759394658188624,0.8591019886408588,-0.12533124831336728,-0.051641099974358284,-0.19243052720925802,-0.5813314327422019
1980-07-01,0.41511599977476177,-0.00871406693382526,0.14478634276295566,0.6445089338473955,-0.004523960561281903,0.8165508531001239,-0.12885300972464986,-0.04897472715897755,-0.18438690875537495,-0.6455094563511272
1980-08-01,0.6069354137971894,-0.08714032670509375,0.15410309080295015,0.6476018833753557,-0.034456034366338484,0.8832620763389707,-0.17484861667077656,-0.07996286680433662,-0.2738469142531796,-0.6416477055147412
1980-09-01,0.4660106880791326,-0.0382635468085627,0.3850684888275411,0.6698094210948204,-0.16127743754496082,0.8850177971238729,-0.1948584968822602,-0.06838485005130918,-0.22071292464290093,-0.7224091391953724
1980-10-01,0.3460483817160176,-0.07871233755356721,0.39324690276998275,0.6652841881990479,-0.11311705708374742,0.8828357491587112,-0.19602913423740764,-0.09757188881227341,-0.20839480046954806,-0.5935900036872148
1980-11-01,0.3696987436656287,-0.11151348625683477,0.412409873313079,0.6938006644276755,-0.11614424555130176,0.898382701858174,-0.22058113901439702,-0.10903702579386426,-0.2619062812035361,-0.5551098054446246
1980-12-01,0.4564866603680269,-0.057793566049966105,0.2447481596410892,0.6109849779422916,-0.08360408415887433,0.908670234747511,-0.29063148960479124,-0.02435470891189717,-0.2636454233354768,-0.5008607606379099
1981-01-01,0.6564785119000636,-0.04651377522840294,0.2840180603546898,0.6047432607423144,-0.15744628729301535,0.913068938889241,-0.3587046126673976,-0.02726562520342779,-0.2837085798481171,-0.5846698916459478
1981-02-01,0.3975127406845753,-0.020041472366708613,0.4999959858983267,0.5232456937342693,-0.22027962803975143,1.0041302629821707,-0.36764514245793256,-0.00699368071170936,-0.24294871998704726,-0.5669760397361925
1981-03-01,0.27575302631043686,-0.0016734593295136824,0.5288817430491077,0.4806863141440591,-0.31264732025382136,0.9868198211249992,-0.2710363914170504,0.040543478563682456,-0.21983742430318032,-0.5074897878887197
1981-04-01,0.28152607968125576,-0.07071828372923805,0.498058953491217,0.42680228732261877,-0.26175065651184104,1.043931899860606,-0.26704991736178174,0.02924803606405524,-0.20645781803678404,-0.4735905807801086
1981-05-01,0.28145523345071943,-0.033407010358397216,0.26144036758708733,0.41179455030427764,-0.13545250111127927,1.1131107768111623,-0.3155126594647224,0.016937925752817495,-0.26036149535571534,-0.3400051876159498
1981-06-01,0.4349150831504227,-0.09126618937572717,0.25438925663630396,0.4499210176509272,-0.15390331041019856,1.111980150076388,-0.3404837172749442,-0.04253972622998026,-0.30536919883514,-0.31764336538805105
1981-07-01,0.3945820677107994,-0.09890928909614355,0.26248231693209023,0.4590403271876459,-0.08119633314297747,1.1369722258955393,-0.34114840487626763,-0.08670007521982104,-0.30908110099091335,-0.3360417343999531
1981-08-01,0.5629598679330432,-0.30128269803456076,0.26476323222614173,0.4815794858197183,-0.046755365348748024,1.1869164956412066,-0.3074066063142715,-0.1431768948777804,-0.23883998783435928,-0.45875752921039226
1981-09-01,0.6639633712032491,-0.28715150902477077,0.13259614759534166,0.4673396981735536,0.012911654364884395,1.2346660821208313,-0.36252534096758593,-0.1477231916701674,-0.27817915417849703,-0.43589775761684124
1981-10-01,0.8498144913971128,-0.3440246812697572,0.17968824418156792,0.5197483526123106,-0.0019941702432475505,1.300466902800241,-0.43117232321779997,-0.21667941147927416,-0.44700376586967716,-0.4088436389114771
1981-11-01,0.8158821468708848,-0.3130200666172492,0.2826387462566302,0.49950442891930635,-0.0811314920473305,1.260868103929438,-0.4832727107056378,-0.1942307633976989,-0.3922075661455307,-0.39503082706281334
1981-12-01,0.7520467681060892,-0.2247498327127424,0.3035530292354456,0.4460105332907553,-0.06151290882620808,1.2243126376618994,-0.504618239868377,-0.15524760282387629,-0.322666416934389,-0.45712796712859727
1982-01-01,0.638396488060823,-0.16180712329586178,0.2084482571169206,0.4251947824166006,-0.049999153597397594,1.2007873118171408,-0.40152273530879556,-0.08912798781485487,-0.23448563872821843,-0.5358842006663573
1982-02-01,0.6086893747015427,-0.03895774650878875,0.028214108649723624,0.34500199814435145,-0.01107352620411639,1.0660228398542118,-0.43373519559154605,-0.02354660211467907,-0.030895456164347634,-0.5097197947663514
1982-03-01,0.8744757233617095,-0.05710609394361832,-0.13605176474699587,0.439563628437059,-0.015401084498051443,1.0678575518404738,-0.4034508707532005,-0.04605667023180271,-0.07957253263749914,-0.6442578868280742
1982-04-01,0.882574095680259,-0.012529450679828635,-0.28270689752146994,0.46892191772113356,0.038107262951447396,1.0066458763281525,-0.34980964195066067,-0.015976300738540727,-0.02004446987882791,-0.7151823919116638
1982-05-01,0.9146629400188149,0.050789197429420285,-0.3625337783547371,0.49942018307580305,-0.0012133769825275476,0.9979048790690092,-0.3561778469363923,-0.0009227084967015631,-0.01774241108842123,-0.7241870777342683
1982-06-01,0.9413865350624899,0.09909711140540117,-0.47275415024763423,0.5039482390392381,0.0037633404342514165,0.9865598653393279,-0.3048725943790216,-0.011861630630979114,-0.044572047677660875,-0.7006946683454125
1982-07-01,1.0040980840465292,0.11316818396545203,-0.6097334636274938,0.5060535481867388,0.05326257498713605,1.0079497790623175,-0.29979439685922227,-0.03209902170023193,-0.0912764655371095,-0.6516288225241151
1982-08-01,0.9341509284249185,0.10507172005544174,-0.5166942886080075,0.47116258627461566,0.042100506484612055,0.993436487304494,-0.2775482268683285,-0.020895416557664803,-0.05927772251308672,-0.6715065739969943
1982-09-01,1.1935182578180235,0.07682027860638652,-0.6619089320076432,0.49759662404446886,0.0676595503754076,0.9472928863760092,-0.33060278823088174,-0.04991151940508687,-0.10697216939983101,-0.6334921881768532
1982-10-01,1.1871291508160828,0.1566067110755569,-0.8580211445388355,0.5057926097877286,0.19398171768364736,0.9873685670708857,-0.34260345226136435,-0.1004237408369284,-0.25407425811639045,-0.47575616068038395
1982-11-01,1.017056878853642,0.14469764171637867,-0.8697127330236509,0.4636545901796773,0.24690668982497765,1.0254400151936485,-0.2708552462992495,-0.09695225244675076,-0.26895642825236654,-0.39127915574630645
1982-12-01,1.0997162406642325,0.1713922311898155,-0.8704839865310485,0.4552169452158292,0.27667718132206187,0.9668027278696306,-0.34806327620359934,-0.1175579903882169,-0.2076533113780204,-0.42604676176068645
1983-01-01,1.032308224462822,0.20747962123607933,-0.8407455983883567,0.404717224504434,0.22633573538595475,0.980456862719431,-0.39793886374626464,-0.11289491412742614,-0.19755343508393752,-0.3021648569627362
1983-02-01,0.9819254327338189,0.2558285725998657,-1.1336341151887979,0.49999773913005013,0.22809108363204533,1.0202893821028831,-0.23451604361192135,-0.13846576057547488,-0.34137234797512683,-0.13814394284734366
1983-03-01,1.003064066409424,0.21355015727839266,-1.2105044549206765,0.5339237627317006,0.23039731635451632,1.0083081705969132,-0.11069956608105791,-0.14853805307907264,-0.3558086804512712,-0.16369271883886993
1983-04-01,1.0648184158509242,0.25250349703147235,-1.4530744199898589,0.5676249621083806,0.2823497623467963,0.9905128579959099,-0.09170601902622444,-0.16090795667038227,-0.448122865225323,-0.00399823442169378
1983-05-01,1.046901344117157,0.22798154427772532,-1.636028649952869,0.5731937766414364,0.39561954508712827,1.0003834257201563,-0.11901188813352093,-0.26812109591371214,-0.5082687833648947,0.28735078152139204
1983-06-01,1.0934798741285636,0.2971578301584554,-1.8449125072740618,0.6382384442060844,0.4263382166232814,0.9679707822431464,-0.0036449542670871082,-0.26413567412864425,-0.5311359697135639,0.22064395802382464
1983-07-01,1.0398945409781888,0.23023473329202404,-1.4777319872540735,0.5757142715242458,0.4006772672868415,0.8835033961422997,-0.027617538515250395,-0.2693907058768953,-0.24002350564145303,-0.11526047193592603
1983-08-01,1.123490979330048,0.2673507528755865,-1.6426515419254386,0.6448761722420125,0.4187732401473785,0.9133783991996381,-0.029763518609997597,-0.24417736346772578,-0.3111025516108421,-0.14017456818066076
1983-09-01,1.2346677032093165,0.2488680281387362,-1.521188814879114,0.5601634884775142,0.46766536357286204,0.8569906486810328,-0.14011401396792067,-0.25244824674757915,-0.2268256734558225,-0.22777848302902548
1983-10-01,1.197894651946171,0.3557814945518214,-1.3613849952381316,0.5089377900089279,0.24291401996971085,0.7980671014590159,-0.1235152985578365,-0.19295008298215188,-0.08684324137737282,-0.3389014397801562
1983-11-01,1.1760928843785359,0.320362275276425,-1.0380959992624428,0.4378315621042031,0.15060414238345232,0.7089869792662549,-0.06440948496017107,-0.2760857677836579,-0.06084982591592458,-0.35443676548667513
1983-12-01,1.4806164008537879,0.41957993749156497,-1.2271654539125092,0.43585325761466726,0.2748317054687379,0.650970608620222,-0.2432536092065667,-0.3076405118496852,-0.13097490312912674,-0.3528174319510913
1984-01-01,1.6095334826687506,0.3991274846615551,-1.2810428584199416,0.5000471780830446,0.2611001169689786,0.6932763091403249,-0.32040119860447724,-0.3060675200469587,-0.23850947159409408,-0.3170635228571843
1984-02-01,1.582629720152211,0.4511268570584498,-1.4268699031119079,0.5793234103048609,0.25904705672942785,0.6576005717006344,-0.25630668794569234,-0.25794594281068584,-0.24202744975505774,-0.34657763232223626
1984-03-01,1.643976096398784,0.34569831935769657,-1.437812240533726,0.5712859471948546,0.3360924242953769,0.6323851703965692,-0.23589857918442458,-0.35507825494384115,-0.23824600961520398,-0.2624028733660846
1984-04-01,1.5848978264861344,0.39227811069808793,-1.5943395214577865,0.562810100061467,0.38221192932885284,0.5963920342770572,-0.2767463856941266,-0.36012259954248727,-0.1082264746048539,-0.17915501955234614
1984-05-01,2.0348630474223217,0.3578950285345761,-2.0714433399541266,0.5825535745740851,0.6096477397724647,0.5363826347657537,-0.5672075850199745,-0.523710449393643,-0.15620917500067233,0.19722852429921778
1984-06-01,1.9343561993869072,0.3638040630956503,-2.314067302422444,0.5541389723587478,0.6567599567024771,0.5475598670316946,-0.5323621607398406,-0.5292172350275899,-0.11937297283103404,0.4384006124454327
1984-07-01,1.9494442011145394,0.5402106153588571,-2.4019917873064234,0.5583873812020907,0.5354129518307671,0.6324207814109881,-0.45825475792901704,-0.42613495422431213,-0.3230474982392514,0.39355306678176216
1984-08-01,1.8982147163205414,0.4700470210951764,-2.2329918261898376,0.5565272891896741,0.44796539922538825,0.5156781389922857,-0.3417009324871305,-0.41389002142661,-0.2664209813911437,0.3665711966716536
1984-09-01,2.4965497772201535,0.5649699098775183,-2.608280845863447,0.6375501242309827,0.6517833341701964,0.4262709059168298,-0.507715819001838,-0.4611869719708789,-0.5667908953341492,0.3668504807546311
1984-10-01,2.512172980566641,0.7079103431179021,-2.5625665654340963,0.5792940428651159,0.6832716984204619,0.33920035485930855,-0.5170207595940317,-0.5263927138911356,-0.4006779139767652,0.1848085330665974
1984-11-01,2.5350010540258836,0.6266241219983422,-2.286511853799585,0.5636554670942292,0.6024097599707721,0.35265030863221425,-0.5066141850377468,-0.5458829236534556,-0.3898437996501335,0.04851205041947848
1984-12-01,2.3906841825147898,0.6608627298631007,-2.25799600007155,0.5045253550647111,0.5817694281690131,0.356594434704865,-0.5677082140843828,-0.4994205410941107,-0.3623306813175292,0.19301930625109698
1985-01-01,2.0820851547199313,0.6351193618297366,-2.2012900983645682,0.4732623331231732,0.6318457935271469,0.314838021006255,-0.2594422675002819,-0.6006251199761958,-0.22862407073807456,0.1528308923728754
1985-02-01,2.648307657201604,0.7737664254632091,-2.8911318656249843,0.5947331443309855,0.6193099654529406,0.2534570690698925,-0.26553354247384897,-0.9603384422854864,-0.36048206062331584,0.5879116494890031
1985-03-01,2.5955382330430776,0.7165648251666257,-2.945716550073419,0.582139655233771,0.650399486980495,0.3004615184174322,-0.36887195536250417,-0.8917412180502153,-0.29756534358756237,0.6587913482322989
1985-04-01,2.404115000825513,0.863418774189139,-4.12232268630708,0.6159853217465011,0.7440934430522914,0.3223285404092565,-0.24755686348657013,-0.8612014118246225,-0.15347869591257302,1.4346185773081443
1985-05-01,2.1807343722705683,0.7922000050197726,-3.639132914056406,0.547571044409682,0.537991240325603,0.36445709889608036,-0.1689520755709557,-0.7205457714809622,-0.13925891722778377,1.2449359174144004
1985-06-01,2.075547396110692,0.740701303827924,-3.4179589802800194,0.4979342128134243,0.46605711255595905,0.3981346307894221,-0.214125104702243,-0.651207895696431,-0.12206721701265749,1.2269845415939309
1985-07-01,1.8682813193639678,0.6251917899735331,-2.826674312146514,0.40379589885495526,0.5293655459260715,0.3693348777277632,-0.40689097306388033,-0.47172359438624073,-0.12607921282365842,1.035398660574006
1985-08-01,2.3868315519996015,0.8176081872380472,-3.923247084898062,0.42034031161547525,0.6934975431378398,0.40215263121079314,-0.8706931547451631,-0.4932781612376928,-0.40759978481910014,1.974387960498262
1985-09-01,2.5595285427719943,0.829122040128177,-3.851858053898012,0.43146157992517203,0.5678980212794089,0.39249345833241717,-0.9832313690315626,-0.4408488622862714,-0.5570950179640715,2.052529660742745
1985-10-01,2.3174547599466684,0.7622482962376977,-3.8977592199132207,0.44684200301426813,0.5123262283792607,0.41815568720612695,-0.8983892513967686,-0.4557671906609161,-0.515243992515917,2.3101326797028015
1985-11-01,2.391035097490134,0.8194176775303463,-3.940857634895745,0.46172588733582043,0.47352276139452765,0.42063266362239315,-0.9557958491290006,-0.44881120421661636,-0.5888262678013272,2.367956868669465
1985-12-01,2.4032599584410765,0.8080062853972325,-3.9137770979821385,0.426805664944971,0.5142098898973892,0.41753502748775645,-0.9622290274663969,-0.39661680018609763,-0.5917890473872269,2.2945951468534385
1986-01-01,2.352369467143523,0.8977352241223762,-4.427439223224471,0.39748024783669333,0.38848227293351734,0.2916578744304822,-0.9109179754834957,-0.27385596971180115,-0.48060390513134144,2.765091987084516
1986-02-01,2.6364377737709144,0.8732155749088975,-4.213798617758906,0.35574723980837547,0.34230158537334665,0.16248210088795534,-1.1157987286524853,-0.1419833579640618,-0.4316251795100275,2.5330216091359947
1986-03-01,2.717249444597413,0.8470708628755395,-3.9511685530871508,0.2951876772190511,0.1740785047665101,0.14650052872507696,-1.1552530999455524,-0.10963360067243577,-0.4625536219288534,2.4985218574504082
1986-04-01,2.8853945243748336,0.655808921074648,-3.9739220013871415,0.3125767184935213,0.3692992087695406,0.15864001558122592,-1.0608889386338993,-0.1080913624172346,-0.5355386789039571,2.296721593048456
1986-05-01,2.8953477469087154,0.6724070907794398,-4.060784643667409,0.3191471881896419,0.24122079610757297,0.15413013071376475,-0.8831977308389987,-0.08059413022364947,-0.5760353825482616,2.318358934579178
1986-06-01,2.9164844661456484,0.6510568907991908,-4.015790663139417,0.32414728483643496,0.12543827907236138,0.15765929763922412,-0.792897444478271,-0.0500238416159402,-0.5818271037015719,2.265752834442339
1986-07-01,2.511536951669226,0.5323553482987403,-3.576009496163053,0.2405478285784663,0.15466425979567755,0.13082711970979785,-0.7172234523445336,-0.01622564127127768,-0.19889910455434734,1.9384261862813021
1986-08-01,2.7227803075329318,0.6480478953815192,-3.762790954791916,0.2775413853662122,0.17136810002935254,0.0952926536318167,-1.0078352224617655,-0.05488177078171341,-0.3209030078042051,2.231380613897767
1986-09-01,2.3604588234307045,0.4991722187673244,-3.0720467596656063,0.33422820495206534,0.1277392609377146,0.17207489092085987,-0.6748039449241094,-0.2508589869722966,-0.2478991516741581,1.7519354442275072
1986-10-01,2.3847368215189473,0.45284573697317376,-2.7018609341373994,0.3211383485953946,0.0775263783695066,0.12303789607177021,-0.6411366380566124,-0.21439903181617237,-0.21088771406665752,1.4089991365480468
1986-11-01,2.099450153942678,0.5213469741582366,-2.2952338356723354,0.3282491107153303,0.01864744285127795,0.1831361338458369,-0.6573897145747134,-0.020976521250736013,-0.19559423665844644,1.0183644926428692
1986-12-01,2.079938256573369,0.5048087019357272,-2.1426794167134773,0.3273974577901183,-0.0007591897713121742,0.19757742141729429,-0.7359537854617777,0.03524080625491721,-0.21652287241938795,0.950952620394526
1987-01-01,2.108703874142953,0.5051501599822474,-2.1272074910654934,0.3279281018805444,-0.08253737095576241,0.1590237147665407,-0.7393890412532951,0.14154434180320075,-0.2970784775584995,1.0038621882575667
1987-02-01,2.1819051806169227,0.5539690582437162,-2.3854156340900508,0.34509239955350857,-0.045656929064324725,0.043837279773476845,-0.6659388917208267,0.21499034579737497,-0.3092261649852235,1.0664433558754274
1987-03-01,2.2493454660961243,0.7150567093870726,-2.498464232090817,0.4848416066257931,-0.12308682054159537,0.057035054565775775,-0.5351436953732307,0.2148817681666424,-0.42999691559024755,0.865531058754482
1987-04-01,2.1196755843416124,0.7281470754850385,-2.4672972540272493,0.4996018090501794,0.05915902444233012,0.06357805331363589,-0.41097076020184353,0.24015022108333195,-0.3522403132765676,0.5201965597895288
1987-05-01,2.2419653093443044,0.663585407671333,-2.373141702783265,0.5216750283162088,0.04179372319727914,0.07819519605412609,-0.4165031523710203,0.24297442050697748,-0.4533380090081738,0.4527937790722314
1987-06-01,2.3015090597691987,0.6342334694659106,-2.1991106012189388,0.527668675574858,-0.05355129637457745,0.13349181242084465,-0.41041748860553806,0.18361091802713014,-0.5265084307915002,0.40907388173262316
1987-07-01,2.172625054003956,0.6480076715419401,-1.869636639306128,0.5313677135726649,-0.23545210936083816,0.1999074395226423,-0.4096540680501741,0.2692624036511877,-0.6288103710133217,0.3223829054380687
1987-08-01,2.3508778727748387,0.7177345332211815,-1.9989842137905498,0.5267577132185697,-0.16684561422656996,0.23805451945815023,-0.648506396139009,0.14033365008968257,-0.6672729846208945,0.5078509200145973
1987-09-01,2.2598569205851673,0.5456487670176582,-1.5286768542920175,0.4387655185936089,-0.17655473720208015,0.33820121638377953,-0.8221000441243262,0.14775618989433692,-0.6886250418085529,0.4857280649524238
1987-10-01,2.212642612516845,0.5761967803130252,-1.815653543457886,0.412651935585357,-0.1023705954683427,0.42512760120377735,-1.002931578619208,0.1707324384890716,-0.4646154760733061,0.5882198255106648
1987-11-01,1.9064560426920396,0.463900440607419,-1.2006279629354557,0.30099000835260886,-0.17931889932322997,0.377615685190424,-0.8759787463266964,0.06958681050208382,-0.17726126979070278,0.3146378910315075
1987-12-01,1.9739077511419927,0.4185214357919391,-1.0249991006974586,0.3022937721567135,-0.15134012129066265,0.3463116732194418,-0.7847534423985953,-0.009261019924464264,-0.16708179028914327,0.09640084229023937
1988-01-01,1.933823202908581,0.49170195281024265,-1.1018267337775711,0.34390057654464423,-0.22978842447655246,0.3558094993848858,-0.6713268276505069,-0.0787638424914654,-0.16896404525393138,0.1254346420016752
1988-02-01,1.8788876974352462,0.39217584437663255,-0.8982795985187817,0.3445996689884664,-0.19384173709923136,0.30291163427941936,-0.4944202695446709,-0.09640527509751307,-0.12156063430501862,-0.11406733051455209
1988-03-01,1.8663767805474691,0.28827255055210266,-0.7983618654822706,0.37326798811508954,-0.17581758238273038,0.2944607353832096,-0.37278705750255714,-0.13678974333328986,-0.09414434463314447,-0.2444774612638767
1988-04-01,1.9101084121111462,0.3355393576021859,-0.8560805069438038,0.4053146384353796,-0.16940081334837132,0.31487489281028175,-0.31569246416155394,-0.23384284009887812,-0.027661620776371354,-0.3631590556300184
1988-05-01,1.7693960255270031,0.4231708162802452,-0.9729240918940683,0.40539480085969815,-0.16489758135745092,0.3535417300068853,-0.2618080400219043,-0.2810234296372438,0.03207513379727356,-0.3029253635604414
1988-06-01,1.602277739028934,0.43702996541531514,-0.8292503157870224,0.37287978482544903,-0.145828084873439,0.3747217764713695,-0.1490599616448911,-0.37531157494945244,0.08458983882511784,-0.37204916731138127
1988-07-01,1.9600363164397807,0.5873818189873066,-1.1460133607526712,0.4661680513050414,-0.21045814169629362,0.4140871060152249,-0.13021772693037015,-0.5708118779612679,-0.01116452449431371,-0.35900766091243685
1988-08-01,1.974475817789144,0.593518139753066,-1.1210277408854479,0.46227290677458943,-0.2997283240106541,0.3704449719875955,-0.1620801970503596,-0.47641486826336976,0.01688696166431347,-0.3583476677588777
1988-09-01,1.9414127549776365,0.5383171362389021,-1.0767346569571794,0.4302949963549439,-0.2712660946670806,0.3724863967531543,-0.10052555567097077,-0.47917672940286815,0.04078102055209354,-0.3955892681786315
1988-10-01,2.057212956545051,0.6032265733747424,-1.3029200158309404,0.46324931266784897,-0.3786210217281749,0.2722169369509897,-0.10148532548067646,-0.4238625292225495,-0.09400007973793345,-0.09501680753835817
1988-11-01,2.22658637583518,0.7365496966013994,-1.4226414694281377,0.4795178231803043,-0.4705068998831563,0.28950182443022987,-0.16186086836209324,-0.5228396254915086,-0.15908432631038294,0.004777469428162817
1988-12-01,2.225086369541522,0.7302045939361685,-1.2860034614910054,0.4783590444257452,-0.533755529016348,0.292304360105927,-0.03747058470773634,-0.6183074261124388,-0.09703559084394064,-0.15338177583788948
1989-01-01,2.2770157268143603,0.7800896002462352,-1.3775023832496478,0.5091604432356531,-0.5583648423291196,0.3584662656904334,-0.13677501465237807,-0.5230413148764783,-0.23808755294345252,-0.09096092793560295
1989-02-01,2.265581417840024,0.7613109614301317,-1.310239602355602,0.4843238250324722,-0.6333826491417744,0.3346255902468119,-0.17581026166242708,-0.45389177902136035,-0.2768957115623245,0.0043782091940496315
1989-03-01,2.4424133955169376,0.7831336162287785,-1.3597097616110325,0.5017931351895251,-0.7025312949358786,0.39960527064064316,-0.16140012410992988,-0.48710904846130587,-0.3244558988630297,-0.09173928959471045
1989-04-01,2.3111369518023297,0.5403884719629428,-1.0314731470158351,0.4324260888551296,-0.615214794893143,0.47174346022365643,-0.08883865981223327,-0.49483362901519046,-0.22792806619991324,-0.2974066759077454
1989-05-01,2.3907187530363405,0.4760592728843671,-0.9421103658671477,0.45538580327528083,-0.6405451051193951,0.4723002609074021,0.00110244788501479,-0.5033393557299246,-0.2549477948370482,-0.45462391643488953
1989-06-01,2.5972983808896624,0.5062096747333666,-1.024640668145234,0.44846832252988444,-0.5803346762317034,0.48934838165143446,0.0015956012715721002,-0.632099039733466,-0.244371411879184,-0.5614745650863293
1989-07-01,2.6830395842872896,0.4720629834764878,-1.0571081237252553,0.4626299616038204,-0.5524974218203669,0.5130916230606328,0.03156099673995438,-0.5958583167760216,-0.2792963800698869,-0.6776249067766544
1989-08-01,2.1578644212287506,0.584528437058979,-0.8976387715980678,0.4255344990625635,-0.6425060542624175,0.5911349301590714,0.05254353645817389,-0.5625180850751894,-0.21741195522923595,-0.4915309578026301
1989-09-01,2.181268712366176,0.4989461774803903,-0.9670103728990789,0.37209117110940615,-0.5904710045137376,0.6523678213242889,-0.08215111182682566,-0.5189010567492871,-0.2563042473472221,-0.2898360889441083
1989-10-01,2.1688667444688488,0.47959991308232963,-0.930465664334351,0.33623015632123526,-0.6010639019244595,0.5964119746559221,-0.08769929671620513,-0.530528620601368,-0.19927949510726162,-0.23207180984468767
1989-11-01,2.1877019657064087,0.6942116413697332,-0.7283585973135889,0.3789696966410249,-0.9097154437273114,0.6680338984324049,0.03867372153927473,-0.5770211568943857,-0.24646615224179036,-0.506029573511765
1989-12-01,2.035902835645728,0.5980125675458956,-0.5679561944981977,0.38922526757120457,-0.8638753269008601,0.7439189478810704,0.22451316485972228,-0.5913212774008516,-0.10685483802784868,-0.8615651466758649
1990-01-01,1.6059096943109346,0.4494959658126858,-0.5173933372558688,0.3392754037716939,-0.6193910900134845,0.5944194318035737,0.6077919056760965,-0.3999415147192651,0.2689646974940171,-1.3291311568803845
1990-02-01,1.5757100526758467,0.5626669955360841,-0.5639452014084094,0.2359414134477636,-0.5934198452619233,0.5337913911163066,0.5554772613496741,-0.45330142310080523,0.335992360012901,-1.1889130043674312
1990-03-01,1.7802671162659802,0.4794691099657291,-0.5088972817312349,0.28671197456589104,-0.5158578431577081,0.486312444609011,0.5522718220939034,-0.6688709552243246,0.26908317772301316,-1.1604895651102591
1990-04-01,1.9023812877066728,0.5104824220189321,-0.546042078942321,0.3061097939701095,-0.499272861613016,0.47631338709267657,0.5063810751708386,-0.5950228370459305,0.16518642151581653,-1.2265166098737774
1990-05-01,1.8311035541053187,0.49162924716413303,-0.5886543522508925,0.29691566273378805,-0.41040919756720506,0.49462220009532487,0.46026375456015955,-0.5038336017771199,0.16724854760870111,-1.2388858146722104
1990-06-01,1.8050387111523456,0.4384590884579469,-0.45409649836784904,0.27757294667229,-0.450641914014863,0.47689067571258853,0.5734935333814768,-0.32308630689780493,0.20750345642248702,-1.551133692518615
1990-07-01,1.7454449179984923,0.4855553110689703,-0.3727165268943651,0.35014703125715646,-0.6905687887933354,0.5080724381347999,0.5929800177138391,-0.23238520343238855,0.22983056077574837,-1.6163597578289215
1990-08-01,1.922181438019975,0.4674909876982407,-0.4222868537744833,0.3883716481802486,-0.7064620649694084,0.37684137544525326,0.5952052382935422,-0.12777387092985792,0.30794019346192547,-1.8015080914254327
1990-09-01,2.1973028677265694,0.4657751551817362,-0.4647833023762491,0.39150817194843346,-0.6726000085314103,0.4943528642319689,0.7596933240263803,-0.272195158232893,0.3839417621797767,-2.282995676154308
1990-10-01,2.222068214764355,0.5965792468003311,-0.40425044303366264,0.3670659231460857,-0.8848606788240325,0.6308387323866236,0.9476743298415782,-0.18902837709806208,0.34522138952232384,-2.6313083375055415
1990-11-01,2.971711243145479,0.4729845889849795,-0.6383642633094713,0.08010315938562196,-0.8421425280534753,0.7685251847800962,1.06116123701314,-0.49993416922127265,0.20580641995952043,-2.5798508726846188
1990-12-01,3.015742818656803,0.21726280587536673,-0.38282257484457105,0.0957966234288122,-0.7452790417122261,0.7028580017634654,1.0820640519117637,-0.7691753713903533,0.22579372803812514,-2.4422410417271854
1991-01-01,2.9056513195301505,0.09172055231131604,-0.5368997335275933,0.06597638391350107,-0.366836304200326,0.5427903410163841,0.9733857940268287,-0.785932316572465,0.250301849150554,-2.140157885648345
1991-02-01,3.0396705145057243,0.08284176210909044,-0.8449090907357877,0.1036727319771846,-0.2650229556331962,0.4548310379801119,0.8976610625326487,-0.7580472005558612,0.24474748554761994,-1.955445347727535
1991-03-01,3.1031642356772995,0.06867665732803219,-0.8757995121723909,0.14715223057386406,-0.24136747693958416,0.5127476617816779,0.8768202310938529,-0.7299876953354181,0.20757879397287327,-2.068985125980209
1991-04-01,2.919642492278392,-0.05760849272076951,-0.6888657423227094,0.219615137045487,-0.2721564722372034,0.4125371964174405,1.0053169167227582,-0.8201056382741307,0.3082682538471485,-2.0266436507564105
1991-05-01,2.7837297228020184,0.175622062601281,-0.3988106525527675,0.2264611436428133,-0.5522111595957664,0.2543848818831891,1.0764872418606277,-0.7729941049842619,0.32061365881942094,-2.1132827944765564
1991-06-01,2.5523804102244902,0.23816192294449157,-0.33498265099829716,0.19276805870806474,-0.6247473251328728,0.3377276250063782,1.0786780807425016,-0.5931617097513415,0.30200193513520746,-2.148826346878624
1991-07-01,2.4416701933550264,0.1431667614652854,-0.31801613393708994,0.1317202724810427,-0.5796831789947681,0.303480092609671,1.0389310042441737,-0.3894886230901906,0.2889081673399907,-2.060688555473142
1991-08-01,2.603210435339385,0.11070282834894574,-0.2992923467204154,0.1443441311124223,-0.5625117912084923,0.2026659778394938,0.9707998593225655,-0.31758068741243584,0.22075342951842614,-2.0730918361398967
1991-09-01,2.082731614730908,-0.010127928101134165,-0.1259308415288709,0.17336516885326084,-0.48734577176228444,0.051270513938916795,0.9415569797222068,-0.27347840350869657,0.47917145886245516,-1.8312127912067648
1991-10-01,1.6907957047249038,0.05084592108813335,-0.025800667231903773,0.10654280994332008,-0.47106022739883,0.08488479926974302,0.625204413266065,0.07582561661198062,0.47067455763396304,-1.607912927907373
1991-11-01,1.8991627600087702,-0.06445084762408859,-0.05242436808068618,0.07609467067992079,-0.4201427154819144,0.0811642635520975,0.8669404944244867,0.01098485604153776,0.5134764306332817,-1.9108055441534009
1991-12-01,2.003860883117964,-0.13391581870618308,-0.06544814319803205,0.09409043663284292,-0.48523270190400325,0.06067548624111019,0.8971026008288643,0.002042195981118322,0.4507265698399461,-1.8239015088336314
1992-01-01,1.9011087816548038,0.09859624192184091,-0.06479932037062852,0.12536019881992277,-0.4757138233760463,0.03585693818139446,0.6497663854422173,-0.2614799294014065,0.3913531476506509,-1.4000486205227443
1992-02-01,1.9569069122341114,0.24043086330598795,-0.12715799180605725,0.18859109530794013,-0.48387970429156946,0.07470550492135852,0.5220870944813933,-0.38340374070666794,0.27980597513025995,-1.2680860085767596
1992-03-01,1.9058507148104926,0.2405139030386878,-0.03196876871375043,0.1884310090996478,-0.5124818813958416,0.07321740241799057,0.48930336187329093,-0.4244492764063179,0.3001822901269804,-1.2285987548511823
1992-04-01,1.878154970961405,0.32651305324564905,0.08570099404289522,0.20716097045659734,-0.6329322276150859,0.19410023624699618,0.4153208040664955,-0.4939815803418286,0.23677173029464094,-1.216808951357764
1992-05-01,1.9119243304579836,0.2328793469397068,0.08349766064209341,0.18780185432956348,-0.5595085954631964,0.1102369703097329,0.28953362462051224,-0.4976491232229918,0.2533991422831512,-1.0121152108965568
1992-06-01,1.7274934195853504,0.25673674244043565,0.030697334806678356,0.18036541410033224,-0.5623930358694029,0.16530023353973716,0.22319063038405673,-0.5076603742761292,0.2863061512756997,-0.8000365159867586
1992-07-01,1.699506338945361,0.19051553039498748,0.12953088844890015,0.23958676778047952,-0.6234584387708899,0.09416452102266848,0.22657215411117626,-0.5594019959754739,0.3121788376206538,-0.7091946035778642
1992-08-01,1.982912760892261,0.12880257120571903,0.05069814654936078,0.29037917358085036,-0.626045966238812,0.09790716548822409,0.26515402897868334,-0.7119424921620285,0.25071926368586617,-0.728584651980122
1992-09-01,1.8626985703581944,0.0692450497463748,0.19181640583005777,0.2774860307026846,-0.6008606596289767,0.11888148788503239,0.32928777798308584,-0.808202023020538,0.30643081780239445,-0.7467834576583101
1992-10-01,1.5449776213298199,0.020457703634169433,0.2535124436573284,0.24467374914781267,-0.6053865893638726,0.10979211129466093,0.39351351304076854,-0.6082141089732289,0.40089833161039445,-0.754224775377859
1992-11-01,1.554760180718569,0.08873546622103146,0.24552743932247711,0.2649352526465668,-0.6737843723092154,0.09147687605501575,0.3183027278124282,-0.552311255237095,0.38269731561653764,-0.7203396308463161
1992-12-01,1.4986386488784165,0.07596814417698683,0.2422718020484549,0.23808248624664213,-0.7737859926830613,0.20471976570162265,0.3545603274474969,-0.6119680345426217,0.30873894342373776,-0.5372260906976729
1993-01-01,2.0628001223255046,0.22499756540917748,-0.11711827812683318,0.31174205028894986,-0.9008196546305527,-0.056676672519304444,0.3677766776284104,-0.8576144577604063,0.2924706883825994,-0.32755804099754693
1993-02-01,2.0254410803490304,0.19688438029450173,-0.03126016639597751,0.33036719488280036,-0.8689628609353318,0.030907050669267022,0.3055034584031229,-0.9448838650061471,0.31606388803740715,-0.36006016029867105
1993-03-01,1.72441548537601,0.24699924700296583,-0.02157200385385938,0.3136068010126671,-0.821483530208959,0.0831163185623241,0.27765536172295446,-0.8388847061068925,0.3612812864498074,-0.3251342599570184
1993-04-01,1.0046622090763173,0.30259968286693484,0.37180688222705305,0.24413126131258672,-0.8153707781299933,0.11387641914106927,0.06989563997183934,-0.3942976208333657,0.5178770574761512,-0.4151807531085927
1993-05-01,0.9980842148356555,0.35669500000867926,0.17256572018852,0.253318532297378,-0.7104519127143106,0.23593733440362968,0.15610773384963306,-0.31134452664841517,0.44570299796637225,-0.5966150941871424
1993-06-01,1.0415788064722626,0.24071030197509902,0.3816637425938647,0.16572272678966837,-0.74336483300808,0.30651781920967947,-0.017950575510784716,-0.4327092758905122,0.45942672579521293,-0.401595438426408
1993-07-01,0.9894244645538466,0.2681413076062459,0.3268207284366831,0.1691918426063383,-0.7901560541013528,0.39258484792623394,0.010024487410573268,-0.4440913802709383,0.3967304663236739,-0.318670710491304
1993-08-01,0.9186393465875948,0.24421226014021125,0.2538201928890249,0.1459813590434358,-0.7209901309711435,0.3994623033431032,0.1127853778449146,-0.43942266862046875,0.43126764086879255,-0.3457556811254663
1993-09-01,0.7721337558326113,0.25183471862799656,0.04270533650633812,0.21478612777849382,-0.6498740272603045,0.3916509176896458,0.1165505876671582,-0.3409018400884887,0.39252222990021246,-0.19140780665366464
1993-10-01,0.8208802363944798,0.2872468087262068,0.007413943133072642,0.20838176205904502,-0.6320266311129863,0.4999230833582262,0.08270669759012073,-0.2996615796392019,0.27956855737115416,-0.25443287788011704
1993-11-01,0.848118394012868,0.3505231326252066,-0.050526482219699353,0.20316397939636544,-0.5836652302176442,0.3986471170183547,0.07402262592683995,-0.1690621816604232,0.331590501600705,-0.40281185648257534
1993-12-01,0.7063137899003253,0.33094430390161733,0.07855375745371873,0.14619896107604147,-0.5993210924981887,0.3548989723832873,0.08213213933475405,-0.09544899628866199,0.4221520288626892,-0.42642386412558464
1994-01-01,0.5932151608231582,0.34692063577246757,0.16626502038958613,0.11240651080260111,-0.5772145493326115,0.33810632297391724,0.0608436239999417,-0.07052265758858267,0.4196577357634963,-0.3896778036039721
1994-02-01,0.7270389144199774,0.22382924009977956,0.4707085094879577,0.02122959804838309,-0.536156048729254,0.2879305819168274,0.13129107353038982,-0.29242240339547876,0.47672928154960603,-0.5101787469281889
1994-03-01,0.7186944362279419,0.23327481616039558,0.3785040437960463,0.030519410545066572,-0.5038995307493894,0.3885178234763482,0.15722206289587426,-0.2972782619811951,0.45146740067610747,-0.5570222010471939
1994-04-01,0.7387079699109869,0.19491304071716886,0.3880830768755956,0.02280281243095683,-0.5161479857075459,0.3459094299543577,0.12145975913887952,-0.31906042482467933,0.4636402606428991,-0.44030793913861954
1994-05-01,0.6116592021762113,0.0867633954775433,0.48599987299596314,0.0342037889453517,-0.5140198099094968,0.44745898344767226,-0.0772004283316976,-0.17371723062961753,0.2588353228806015,-0.15998309705253178
1994-06-01,0.6244974826443386,0.07844546633637961,0.5144742850264938,0.0503518421147805,-0.5279553273748832,0.4214048977179527,-0.11101381542668332,-0.1914656489365416,0.2619324145350157,-0.12067159663685478
1994-07-01,0.6938110405581739,0.014066993778098169,0.5711836665511951,0.09525877333512583,-0.4875606615294532,0.32329836684510604,-0.21875666624106227,-0.19670147468275223,0.26677302038745787,-0.061373059001889274
1994-08-01,0.7184020886926819,-0.025491308149697356,0.5472640347302669,0.060133179983711316,-0.4050437394108197,0.31742611803849713,-0.27499223075195633,-0.12357977816476096,0.2684085319891971,-0.08252689695711934
1994-09-01,0.6782125076713985,-0.06139253496187114,0.6507451486831259,0.051324324464099846,-0.3473716802612381,0.3313391850792744,-0.3075618520785426,-0.02256669884166107,0.25770285323138253,-0.2304312529859689
1994-10-01,0.694521189904517,-0.11505329241129347,0.5319027673362671,0.15033755131843385,-0.23145940912604024,0.377835791818457,-0.2737921869165101,-0.05766790216489759,0.19120630984141274,-0.26783081960034627
1994-11-01,0.6612234514597848,-0.07214761502032496,0.3926264554356571,0.15391300996878532,-0.15115726646125904,0.3171960126473104,-0.21510701373059415,0.012724936229330908,0.267544175658599,-0.36681614618728986
1994-12-01,0.706627748723677,-0.1017751414165936,0.5268863170598292,0.15035387865341632,-0.15600177268991855,0.27242765295326654,-0.28044491840567964,-0.013198093410552225,0.2753926584509352,-0.38026832991838067
1995-01-01,0.8248283960041842,-0.16064844719624383,0.5798815907351198,0.11336444765836634,-0.18210272784003845,0.2713452630731986,-0.43805700148035376,-0.011599323804952322,0.2985831169803521,-0.29559531412963036
1995-02-01,0.7789246208070182,-0.15971960613970615,0.6039539882342666,0.11169415856028847,-0.1422421712004842,0.2393695335318769,-0.4547163092563573,-0.021689234235235277,0.3187028573237347,-0.2742778376253989
1995-03-01,0.7335650251672989,-0.17507026997568853,0.6390445112280361,0.1456429177391887,-0.11493751649753214,0.21859563564958573,-0.42431559666987795,-0.02462510446739241,0.2894380753965151,-0.2873376775701355
1995-04-01,0.8599138421254366,-0.1560208396659073,0.6583370242235302,0.0953237807172303,-0.024014708094139303,0.26261806340029514,-0.5848638727685076,-0.0012057812744865615,0.2572624943064603,-0.36735000296991327
1995-05-01,0.941200621678,-0.15784293187415654,0.6302072300114645,0.12398507095373468,0.002769884925564625,0.17874204473378608,-0.6489782879264547,-0.05202624673542289,0.28686700531700193,-0.30492439108351777
1995-06-01,0.8408036764628415,-0.17479836492812928,0.561958683939336,0.11063778854153494,0.11120279509750541,0.22608091879100367,-0.5734647339699177,-0.013535560731954721,0.28652464215848594,-0.37540984536070576
1995-07-01,0.7580235371772135,-0.16184833463653592,0.3737258591454262,0.11470335074285976,0.12647507619591325,0.3217225057184476,-0.447464063050135,0.012598974382679984,0.2670612884232497,-0.36499819409911805
1995-08-01,0.8004911402825128,-0.1450811904998156,0.334145278587763,0.08428666466111923,0.1410132515045437,0.3752431999375757,-0.5662868402359305,0.03378544281078266,0.20776633445334158,-0.2653632815018909
1995-09-01,0.6690208481938758,-0.1728212768633416,0.3686863997274106,0.040982629894025624,0.13950405768868346,0.38588820133277996,-0.5226830922091033,0.07292077393463914,0.26175098141434505,-0.24324952311331272
1995-10-01,0.8353146522743442,-0.14802586935507644,0.3599992332780486,0.018055889049842067,0.19641742624081138,0.4251604715497558,-0.7191846308037197,0.1075142530606088,0.20656715932271474,-0.28181858461732867
1995-11-01,0.7740334930882424,-0.1746512595323897,0.4470104564366144,0.05249052023475981,0.1161729292611342,0.37789743511011276,-0.6616655510651426,0.08971699133844457,0.21002748000004345,-0.2310324948718172
1995-12-01,0.7194488950874316,-0.16059922344778532,0.458949440919338,0.10656952852197576,0.05301117883919115,0.3546207362524005,-0.6540256665329127,0.15153416338550718,0.20308001271917164,-0.23258906574431792
1996-01-01,0.7595644481732577,-0.145682641754177,0.4255171623207801,0.16764597550797256,0.06937180634694573,0.5057039710044084,-0.7343229375813922,0.2126903727874312,0.04834786615957776,-0.3088360229648033
1996-02-01,0.7976687352435468,-0.15011241534589692,0.25053622157142996,0.2289791994180293,0.14606787062922355,0.4484331864908723,-0.6666366649068798,0.16439591583666768,0.036612893521037915,-0.2559449424580307
1996-03-01,0.5797465737405822,-0.18523168790941025,0.34775360342794714,0.30158402663926753,0.09244213987023286,0.38417873946446923,-0.4539378730489707,0.11027648454111638,0.10465741879537283,-0.2814694255206076
1996-04-01,0.5020365392585067,-0.1618015815033338,0.3235337090933994,0.3039039508725337,0.1178353383864541,0.36870369767951294,-0.38592671016525815,0.0934089745057749,0.141897555465896,-0.3035914735934879
1996-05-01,0.5597225889664434,-0.15510246187391075,0.33047001173727386,0.2788950154976524,0.15226483952911574,0.34230731494709554,-0.44271452542917133,0.08051183652689842,0.15978167087884876,-0.30613629078024474
1996-06-01,0.5909276126995318,-0.19919901395712725,0.41204672658588226,0.3007579086342564,0.1647975747551247,0.2851512414553736,-0.49729213206929046,0.03325813755223139,0.17837858898338665,-0.2688266446393701
1996-07-01,0.8125917533666627,-0.19475436229910037,0.46482714273749615,0.3675899479397998,0.11595508681888567,0.25392539927175206,-0.6399449493989255,-0.006111088494350936,-0.02374078081091291,-0.1503381491313056
1996-08-01,0.5647277323811313,-0.19589063510974913,0.46033598576860424,0.34143678993848847,0.11110743735066442,0.1703694371890131,-0.4575582939899241,0.04906912535349872,0.11783581254124054,-0.16143339142296842
1996-09-01,0.6283267972142843,-0.15822827673694995,0.3947028880897987,0.23939824310610652,0.12668887002925322,0.1856171457893503,-0.5412979238326283,0.14284151468507011,0.11281964082244023,-0.13086889916672462
1996-10-01,0.6466813148294839,-0.19571650857919864,0.37957328552884917,0.2845425216103338,0.15286783656837422,0.14326125878945262,-0.6106342488140921,0.10357614278466176,0.10793245223335024,-0.01208405495121534
1996-11-01,0.7200886271698965,-0.2365003169841191,0.35552172635881796,0.28782906906763145,0.1672733373835038,0.10305074928154312,-0.6891649584348003,0.09533087794163642,0.07686146345625944,0.1197094247596322
1996-12-01,0.7509327155230494,-0.2665792839138791,0.3715651220083904,0.27090981766717565,0.17413775012843358,0.15601440273196165,-0.6476336192122791,0.0318797643882236,0.07740720432722747,0.08136612635169582
1997-01-01,0.7699394390512886,-0.2553585013223103,0.3492451872275133,0.2773023963762493,0.18909950113779972,0.13870999432412112,-0.6846520847578448,0.04689218447794086,0.07092553677764768,0.09789634670759373
1997-02-01,0.9004558129312747,-0.2589890860312958,0.4450225692081906,0.23586975744572225,0.07854297896580076,0.1838695571039749,-0.7579219141820719,-0.06571758520308513,0.052680483742939765,0.1861874260185501
1997-03-01,0.8002101147524918,-0.27819896572601455,0.448111231303463,0.2719192685297563,0.06227007571092158,0.07078574284789585,-0.596083718324663,-0.1041256206850858,0.17996957186631746,0.14514229972491632
1997-04-01,0.9107375586389166,-0.4353408001249086,0.5976804941277414,0.22178202656391172,-0.0042853435518444005,0.04378183699290117,-0.670816029421307,-0.15938044792751582,0.14197115631187385,0.35386954839022877
1997-05-01,0.8430879681391108,-0.4271139312664429,0.6236244182252078,0.1973534922779344,0.007214375462788913,0.010919721975047203,-0.6489231828394824,-0.1452295597352946,0.19657515715301987,0.34249154060811016
1997-06-01,0.7476105485983382,-0.4091300806903392,0.6414636830940794,0.1625834303152937,-0.0004990275884146911,-0.016212679882134262,-0.6365773572646898,-0.07740547187544844,0.24280436109418002,0.3453625941991372
1997-07-01,0.6979574069389933,-0.4480051276018612,0.5440768483609109,0.1710761343026596,0.09617164110243226,-0.09743521645502345,-0.622352865524864,-0.11908501345358213,0.3322426432160628,0.44535354911427394
1997-08-01,0.541922093667718,-0.3192359066232131,0.35490410166020947,0.23119123865154922,0.11865049973997,-0.07612244320665107,-0.47272976452360926,-0.06955976585471269,0.3937948204583228,0.29718512603041614
1997-09-01,0.5540980364363612,-0.2562709773521572,0.11392837094524122,0.2820049200810102,0.12342710631313047,-0.12401528325098583,-0.38673723569551677,-0.03253864375583082,0.3867901331411435,0.3393135731376038
1997-10-01,0.4850173914155609,-0.2192950317909843,0.26158032825575583,0.3568050528423332,-0.021795214899357207,-0.1478628589724627,-0.18898954062128537,-0.0029114007997095293,0.11980665162321541,0.35764462294693367
1997-11-01,0.5694988296391266,-0.18996582224848335,0.05328516347005596,0.4183409129226431,0.01528525305399464,0.020090544859415693,-0.1479952139460443,0.01955820827744925,-0.0568808582511956,0.29878298222303634
1997-12-01,0.5664652582633631,-0.14262766219288758,-0.06570292168350189,0.3671594345053022,-0.005804491183065585,-0.008523381291411836,-0.1762677747628596,0.0427667806871852,0.032687009272148626,0.38984774838572833
1998-01-01,0.44674223120490364,-0.12954561908401951,0.030580010740675068,0.30756229662221,0.04853348134602875,0.12233214587745722,-0.171817976855293,0.13933249079534193,-0.016240121366975724,0.2225210607196706
1998-02-01,0.41787451883899873,-0.0942736817145513,-0.06661671057783902,0.31022421966739544,0.06480581861400703,0.11259393725150452,-0.18491532151796797,0.16236092924168988,0.015670860161883682,0.2622754300348804
1998-03-01,0.4031819636437013,-0.048879930715154285,-0.12767786909569745,0.2571079684695757,0.08749011330269751,0.16451584693162108,-0.1914143163625921,0.17416139875536585,0.04982648487801433,0.23168834019246853
1998-04-01,0.3424848634122095,-0.07305350521541099,-0.151077431108404,0.2547089921474177,0.10114817475423377,0.12997099972048987,-0.22555406944968603,0.237002041816202,0.052098338276998946,0.33227159564594944
1998-05-01,0.4228715482262779,0.058313236143531455,-0.2587412682454966,0.26816981608623447,0.049071397797537,0.11967019346709812,-0.13488486509646758,0.24887923668773881,0.01587643178143694,0.21077427315211006
1998-06-01,0.4839616350951994,0.08287370794888105,-0.5135324307427167,0.3329630088751474,0.07823806087150142,0.15795124349180728,-0.13404751117384572,0.3128810698409856,-0.04960370088756011,0.24831491668060002
1998-07-01,0.42498201753688747,0.10805029232959606,-0.6329959077948799,0.28548866247518556,0.13598108598555037,0.2736783327317364,-0.14676047822161875,0.36108537938900254,-0.08549324181981882,0.27598385738835685
1998-08-01,0.14879990383777475,0.09574583540524961,-0.30234298642063706,0.15627248096407698,0.20599276225296603,0.18810626385330043,-0.021053826369646034,0.36307115753519503,0.36553263679152087,-0.20012422784979966
1998-09-01,0.16510528182577566,0.08473515874888726,-0.2559955784786241,0.16003107269161643,0.19452528563314275,0.15193429306186107,-0.06639264955166735,0.3685999180009729,0.36141145026604965,-0.16395423219801297
1998-10-01,0.11473794167611917,0.05329868267073956,-0.10917654057166093,0.1351454625487552,0.1639502101577308,0.17955581145390007,-0.039823787633261,0.3406482600759033,0.3117016527422936,-0.1500376931205205
1998-11-01,0.09824780676782607,0.031417542762830486,-0.14920360144078826,0.11353777738398002,0.19324456868556728,0.1604838103815399,0.008246928335942538,0.35313014729865455,0.31273636034341323,-0.12184134051896578
1998-12-01,0.01873178222870653,0.040796753226577276,-0.2223208561964123,0.09754453133396768,0.19588462657162453,0.20801273527665798,0.06101554931947062,0.38768279574517317,0.3100239223833868,-0.0973718398891521
1999-01-01,-0.006740909039884002,0.05538800688123258,-0.26904480705081735,0.06513945277003946,0.2548596970902084,0.27339185975435154,0.057827593683573486,0.3939133987935486,0.29241188009153224,-0.11714617297378482
1999-02-01,-0.14976033227163477,0.03298903505471018,-0.1920174834346513,0.05453265332741902,0.16635442677420875,0.27379785003497403,0.1296582853206858,0.4608823617439948,0.28488424368808685,-0.0613210402377935
1999-03-01,-0.2603756333955469,-0.0030219462252920604,-0.08959415072517318,0.09498059794571129,0.2214451568269964,0.21938088474867318,0.15047012212277266,0.44912857856945587,0.31504473164822233,-0.09745834151582056
1999-04-01,-0.21298325519837613,0.029210683757479483,-0.025835716511284357,0.1444079567878334,0.2030957419975894,0.21157808989974425,0.08637244664243893,0.3555453424761874,0.31383205701352657,-0.10522334686513779
1999-05-01,-0.18048516710080564,0.02447418181825589,-0.021767198469534677,0.11045597996143847,0.24159932950154017,0.18627283969229133,0.04862444225714424,0.332502809487618,0.3883222980567489,-0.12999951520469666
1999-06-01,-0.3151710462734556,-0.0584636436870235,0.14721060224103422,0.10296546258754341,0.257418704579337,0.2507643629426427,0.12145828593478503,0.37344967003959484,0.3228053932891316,-0.20243779165358866
1999-07-01,-0.31320093092382484,-0.0888308190889947,0.26575824453295693,0.1159788060834103,0.2884975642209098,0.2541805641228703,0.09576697594811678,0.32123805471906364,0.3488230534144446,-0.2882115130289522
1999-08-01,-0.2677921321810266,-0.05874153218363076,0.23246586358764265,0.10872957860155277,0.3424842017937233,0.2073373149199563,0.02841756125449635,0.36620583599753076,0.38837549532416926,-0.34748218711441536
1999-09-01,-0.37891012599068974,-0.1114340305007771,0.39470790530702393,0.07588758072357596,0.3605776207612814,0.24827025875597108,0.14564892930516926,0.30546460681725707,0.4131162884641334,-0.45332903364294674
1999-10-01,-0.3808413514294995,-0.1282730367743496,0.4002452123833211,0.026786906239144648,0.352932301626391,0.2859367042993224,0.08060055302314573,0.31121918586762987,0.3691664497281616,-0.31777292496326703
1999-11-01,-0.3349658884630302,-0.1231426336162692,0.2828555337665799,0.06253151072297614,0.41916240800157656,0.3330085746256165,0.08529551966352855,0.2991450689846631,0.2994425005507451,-0.3233325942363867
1999-12-01,-0.3466892210065997,-0.12969197082814438,0.25407316620008924,0.036603097601089096,0.4737191218097836,0.3172193523148261,0.06597192070191715,0.2978077910056567,0.297949001605859,-0.26696225940447693
2000-01-01,-0.31173246179805014,-0.09622007683047218,0.13390365571802443,0.04337826805348599,0.44512747606933467,0.41429255251694197,-0.05198324756913553,0.385883452994785,0.25567377598651064,-0.21832339514142318
2000-02-01,-0.29710872639872,-0.14494480130441412,0.11911970529539229,0.01802064114257093,0.5277855801226199,0.46113633743690996,-0.10500716784552067,0.4297785132845613,0.23259912844844238,-0.24137921018184194
2000-03-01,-0.34265591235505033,-0.16858199169373955,-0.01747335863390953,0.0780687341405828,0.49267853280373264,0.39849624298972697,-0.024661036159406624,0.3363269148141954,0.26307700139406814,-0.015275127300202751
2000-04-01,-0.5452796046799078,-0.04598570423987869,0.13944949064388146,-0.005389425008636262,0.41565717348053555,0.2644109466036019,0.01875861566395609,0.3880934271868266,0.4727263499079139,-0.10244126955829258
2000-05-01,-0.3673103807586835,-0.16748610849765555,0.10924816681320726,0.08427487509059645,0.3768490962098713,0.11574513968630325,-0.009469360413329131,0.3464258414797998,0.474677232765304,0.03704549762458664
2000-06-01,-0.37021154719308513,-0.19122835429904605,0.10778223456756919,0.08696281936479094,0.4136491653822367,0.18224052214275036,-0.09413724949336455,0.3552486235860244,0.42942262223435657,0.08027116370776843
2000-07-01,-0.3666837127966154,-0.17954151448754185,-0.05853085067735453,-0.06215676112349089,0.5199956606870508,0.07946458793632466,-0.1368493714439023,0.23077526773463863,0.5984870878961379,0.3750396062747532
2000-08-01,-0.4896035629545037,-0.18814795034129744,0.052018954477164314,-0.20880999055966687,0.5398839191203129,0.11012260062112603,-0.12054256336651958,0.22216816011756313,0.630732628612975,0.4521778042728475
2000-09-01,-0.5766048971271485,-0.17265740129841955,-0.1101641426574651,-0.1961767861802714,0.4848244028970963,-0.03528654059456726,0.07166298184116271,0.2732542738079822,0.686675238178416,0.5744728711332154
2000-10-01,-0.3762657980609809,-0.14491018384302923,0.08051536882385069,-0.15456300822254943,0.39085000952331905,-0.02025449743375582,-0.036594479126574875,0.2681609942561196,0.503528768860077,0.4895328252235238
2000-11-01,-0.32129010068203256,-0.18048233727579294,0.2456772643934766,-0.13325938818351146,0.2731740588464662,-0.11291910398150883,0.0953900035073767,0.28834103097502917,0.5609359130148529,0.28443265938564477
2000-12-01,-0.3570275902425937,-0.17691302131625353,0.26465451116450245,-0.09878508836962263,0.24232631274143335,-0.13213133074685932,0.13122873154713055,0.30021613707248984,0.5591701779316813,0.2672611602180919
2001-01-01,-0.23439111875385388,-0.0579810482340859,0.11383071508267628,-0.029812211471037187,0.23490373494473304,0.013673407475990051,0.14260664963049474,0.22357908242879554,0.46236636793678143,0.13122442095950704
2001-02-01,-0.242323979375054,-0.017675843695414195,0.1673879305660737,-0.017115623711808248,0.15672242949146753,0.022610224683850377,0.16653818754313665,0.2418403164035372,0.49750693571931104,0.02450942237490028
2001-03-01,-0.24655800238437808,0.006291639297615226,0.1111652609020859,0.007882152117198893,0.14863103520173293,0.0230922801605013,0.1773843763592895,0.2063411248189796,0.5340808259819486,0.03168930754502686
2001-04-01,-0.22342450270162129,0.028025324311008126,0.094148567057184,-0.008614544492407394,0.17840805214509148,-0.0026252217664141375,0.14500909887400515,0.20846370258582536,0.5500227883422188,0.03058673564511083
2001-05-01,-0.20835220114778408,-0.04087446065556888,0.11178949444163155,0.005622455469649679,0.17088708972749256,0.024920990583172764,0.11614763543509365,0.19651339742684126,0.5360174373594708,0.08732816135999966
2001-06-01,-0.09559854088129693,0.02078385294310786,-0.06433037575303668,-0.02006057291125496,0.24024112560685074,-0.048540334229428744,0.061014320335294414,0.1803278376369697,0.5205075992002155,0.20565508805257915
2001-07-01,-0.14416051442883604,0.06677451576228088,-0.0049010746656206194,-0.013625044588603419,0.17735477104941988,-0.024964268030537307,0.1434724414226174,0.21873352843809746,0.485993446612427,0.09532219842875467
2001-08-01,-0.051052201316296175,0.038782893838915866,0.10842236681256834,-0.02533529409174412,0.16741107508126596,-0.027728369496581626,0.07720520356774507,0.1882356368543937,0.49105893474699747,0.032999754002734694
2001-09-01,0.08596898046636792,0.01792413035403645,-0.02803559798285571,0.07114582736782954,0.11803569850132378,0.06395469103956483,0.044647206006248386,0.23417543983841616,0.36436692224604067,0.02781670216302823
2001-10-01,0.1523895468261134,0.03642321276504462,-0.055517276272610605,0.07354614698322781,0.16282185867575438,-0.00332347630789967,0.06688184567493805,0.19633060201563757,0.3881288612824558,-0.01768132164266123
2001-11-01,0.0903913544034407,0.0704556002462452,-0.01662329265918494,0.0870253812016768,0.14545724249544467,0.002241795416429937,0.040164190897498564,0.22855721731724044,0.3262989502825529,0.026031560398655396
2001-12-01,0.08244818524007602,0.04897537128536045,-0.0043247705126159275,0.10245365654955763,0.13493296354768436,0.014693828248283719,0.07119114212313682,0.19605871964493948,0.33703204884509136,0.0165388550284864
2002-01-01,0.14040265885453596,0.030886868789822386,0.01373700056660443,0.12356982162480673,0.12216322564296256,0.00881873307996997,0.1188597468662107,0.2045604924065938,0.32194245998173315,-0.08494100781324065
2002-02-01,0.13351261654000202,-0.011455349693515304,0.12950938747567253,0.15826792055032113,0.0732809289711408,0.05184042266935926,0.10972837366209398,0.22162070678253332,0.2815509574144867,-0.14785596437209403
2002-03-01,0.12893147869611643,-0.019941060074415096,0.10481484850918821,0.17113483539291358,0.09194331734846806,0.02663675318018907,0.0956618066485726,0.23476863020054162,0.2814415075959674,-0.11539211749754252
2002-04-01,0.20599471288546023,-0.012222955237806254,0.07513466433066718,0.10205676217119408,0.11629982413188256,-0.07774911708372031,0.16498102810421966,0.19959185379310218,0.330594792012522,-0.10468156510752191
2002-05-01,0.26370400371634894,0.008287374799418379,0.10467193181320678,0.12897714430837748,0.08928894423631428,-0.020185986181694343,0.11765495725477981,0.18973932032710406,0.2556692117137041,-0.13780690198755963
2002-06-01,0.24054094160133532,-0.05200517110949576,0.21834407073659046,0.17685913150980181,0.08014572818369858,-0.0874230350746206,0.15219598129424416,0.19627897530620864,0.2170138800626703,-0.14195050251043262
2002-07-01,0.2648584535693619,-0.07890857738128854,0.24068456619525236,0.15677117964387088,0.08425523458206541,-0.1333230347059366,0.08466408969691197,0.25145982855577564,0.15230523957796155,-0.02276697973397468
2002-08-01,0.24222290161939886,-0.035833273317059766,0.21947750504339547,0.11780934963865547,0.08945289827844083,-0.15791581784499534,0.07564613098584738,0.26621403449725733,0.1752778708584246,0.007648400240634734
2002-09-01,0.22369409600305845,-0.014707074910305096,0.2931350099356873,0.17294418435970843,0.03265530599856159,-0.12587370272444431,0.0492337841128454,0.364820056123367,0.09416903755355455,-0.0900706964520328
2002-10-01,0.31593792891057326,-0.03358447506385087,0.28199014805639955,0.21436279449415735,0.04655147788131497,-0.05254129728347906,-0.026819101117123045,0.3237727220748461,0.056683174244150536,-0.12635337219698828
2002-11-01,0.2965240527353461,-0.023048884734103825,0.32733284276060104,0.23931500699674907,0.04937962899642878,-0.017890306500563086,-0.08491029459095967,0.32121993806461147,0.05816886915538605,-0.16609085288349545
2002-12-01,0.36440205902549616,-0.031794005589153684,0.3317652461141103,0.25458665176822437,0.06377432152595508,-0.05121552904864746,-0.10047376651871542,0.3188727966651592,0.07331025860563917,-0.2232280325480671
2003-01-01,0.2808953382549726,-0.09892151589835363,0.4213356775233068,0.2521419221794158,0.03912955360705894,-0.05012050584569516,-0.07686744826029401,0.41602449328524926,0.049097386626971606,-0.23271490147263285
2003-02-01,0.2976637054247373,-0.0906428300387836,0.34250403146925334,0.28107760024197936,0.05806137042989756,-0.14784878596723947,-0.030628510937496634,0.5326700270063325,-0.037227608931075795,-0.20562899869760431
2003-03-01,0.2152797568364564,-0.1478946042500473,0.4102843919337844,0.24368086942153255,0.05082511205561946,-0.1635015252353616,0.03907332831885846,0.5676517630704749,0.0051131096821142585,-0.22051220183343156
2003-04-01,0.33028332535623983,-0.14553130425372557,0.2503706917713875,0.16680280709355122,0.0862538577965164,-0.1810517229379572,0.1043792324015076,0.4689047927473753,0.04296282467980794,-0.12337450465470079
2003-05-01,0.3651545835933421,-0.14105896835730003,0.24250083791429589,0.16997503597257302,0.09479751905263978,-0.18176477599159813,0.06012519284712492,0.4477181231232843,0.053389978990915465,-0.11083752714527839
2003-06-01,0.3547110355475831,-0.1533438857224897,0.2201927934319552,0.18722417082110665,0.09311801014256804,-0.22950916696215462,0.15342092830356813,0.5184130840232213,0.011475033506674781,-0.15570200309203197
2003-07-01,0.35589310473746627,-0.14521702935964853,0.2668139609437099,0.17404258045272708,0.11301771815950667,-0.3054481454519449,0.14809157725462363,0.6185761939769332,-0.0581135229094204,-0.16765643780395223
2003-08-01,0.3329567934971416,-0.10029226081267117,0.25990814305665655,0.1994345556345125,0.1062516563210052,-0.31009372398800983,0.19106844518749466,0.602227470436163,-0.05368316241341664,-0.22777791691887606
2003-09-01,0.402532794666584,-0.1200300811176569,0.26269046264722595,0.1507216958857699,0.13811390990190742,-0.3391320700311291,0.1570392793550892,0.572764509513978,-0.006650423817595452,-0.218050077004174
2003-10-01,0.35430708755483686,-0.17138892396054484,0.3199577996092513,0.12243171372867578,0.13683803107597803,-0.3324852578611526,0.1697537202087558,0.5220165850784633,0.023919832090846915,-0.14535058752510976
2003-11-01,0.37279763256292786,-0.16445856829201677,0.2792563338030516,0.14264059952126207,0.139588303835538,-0.3099140620656653,0.13897162017179387,0.49141998594759695,0.03441809700711318,-0.12471994249160057
2003-12-01,0.370035409916033,-0.12699844175519276,0.25481378874275773,0.20710294771191684,0.11728883040612936,-0.2673890206740912,0.11392305666550362,0.4963738560119173,0.003946983150482253,-0.1690974101754561
2004-01-01,0.38794056512233355,-0.15592348589772553,0.19270304444425923,0.18280888257611255,0.13764909008644366,-0.2773059228296987,0.1491931849327135,0.49039473609729045,0.04317032365509543,-0.1506304181868232
2004-02-01,0.36834511544755344,-0.13995786259318654,0.1510057375529108,0.20485714997766336,0.11622999963380087,-0.2608717316920365,0.13513753772815917,0.5105001790189763,0.032138954955895915,-0.11738508002973713
2004-03-01,0.3519059140811227,-0.12597548869028086,0.1538522211527642,0.19363860718661058,0.11066453013586108,-0.2739106692633487,0.15788645734340512,0.513425437111626,0.04659328677683311,-0.1280802958345939
2004-04-01,0.39644384200316973,-0.08459200089132485,0.167728674375629,0.209245970865238,0.10412863155252272,-0.2700991343085186,0.13385367837125317,0.5406672454585009,0.006150504046143979,-0.203527411472614
2004-05-01,0.3912218840548025,-0.08424881817846624,0.14918951964510008,0.178333211458716,0.12971487351408018,-0.2994891194527033,0.1728080776160823,0.49962818888095906,0.0782037195815466,-0.2153615371201183
2004-06-01,0.3880142076321085,-0.06573856734305156,0.17907633840309156,0.18432026146211067,0.14636312175158772,-0.3389839872583434,0.14818135293182144,0.5076008653897388,0.07983968949568726,-0.22867328246475083
2004-07-01,0.2921924401667515,-0.08737662855720069,0.1421480892549858,0.24545712279544296,0.11065265821305381,-0.30029408853429185,0.18935930356511133,0.5035825073004829,0.08425981260773535,-0.17998121681207113
2004-08-01,0.2513040060532894,-0.10618601474986678,0.19777882122958745,0.21803448961966526,0.0875735132379949,-0.26293712815562065,0.1719398038338409,0.48288309387626227,0.11993738696217532,-0.16032797190732828
2004-09-01,0.19842486501954637,-0.09487321503460061,0.16382016570124147,0.2588304470169026,0.0808479588865526,-0.2646972587682547,0.19202785869246797,0.45800319115834,0.12144873829421898,-0.11383275096641454
2004-10-01,0.21802999301904902,-0.1071020325692249,0.137428996389378,0.2216019440195351,0.08780272914899367,-0.2471595570295001,0.21335741984552636,0.41324860252907736,0.16502774752754634,-0.1022358428803809
2004-11-01,0.19759047045795164,-0.11372614481442511,0.20811814237748116,0.23667336373948666,0.07033379491755687,-0.22409982548003857,0.1766850871604988,0.37572628205116687,0.1416082520688265,-0.06890942247850473
2004-12-01,0.2005723786751512,-0.11090807098220934,0.11698339351517362,0.24002118950238083,0.0712812390534826,-0.23573276633654516,0.23998363702521863,0.39316707973106646,0.13938543531913106,-0.054753515502851346
2005-01-01,0.2533278955557172,-0.09990071415443968,0.12153982662922447,0.272882971255485,0.07659512481177388,-0.2411961453030684,0.2462649012651268,0.3574350719439501,0.12850165306013633,-0.11545058506390671
2005-02-01,0.24066369857138192,-0.10586741900540597,0.10921537587216701,0.3055600438460395,0.06923942574575281,-0.23488298676713776,0.2628293777057238,0.3697942116700814,0.12042481596435006,-0.13697654360295264
2005-03-01,0.20434429896127293,-0.14730191813972132,0.15762767707072634,0.2615241883847836,0.061849227232196324,-0.20945737951725069,0.2848986117668104,0.36264253182335526,0.17370030323579227,-0.14982754081796523
2005-04-01,0.16549247176339632,-0.1911898134082327,0.149205571959365,0.23739495164283847,0.04841103823235948,-0.204358699915404,0.31508766842535807,0.3908292672521787,0.19673146752453935,-0.10760392347639902
2005-05-01,0.1537972534925287,-0.17307006831678762,0.12574669645885783,0.24029099311539054,0.049579616700428875,-0.21171711298461904,0.3496160651259388,0.4033961984445098,0.1887636624853153,-0.12640330452156334
2005-06-01,0.12457235393576283,-0.15678826269408486,0.07698656010439442,0.2780776814677607,0.03723476890860722,-0.20936374784605322,0.3590762849761642,0.39061120617318945,0.20216961572436581,-0.10257646075010807
2005-07-01,0.1361152688716445,-0.1479828639797558,0.08932009251232387,0.28031826123894943,0.038054963619925664,-0.21457741636977842,0.37137380774421325,0.3806298123155174,0.2152560614390885,-0.1485079873921289
2005-08-01,0.1770304034277166,-0.14200420808940256,0.07142738368068469,0.33170828342441344,0.055460739740117115,-0.24010408479133982,0.3883667172696944,0.387136204530772,0.2016808424772618,-0.23070228166991846
2005-09-01,0.1620955225790761,-0.15830103841674992,0.08500600476437303,0.35905997617135643,0.06306751898396024,-0.25037813480375826,0.382492921243043,0.36346523534830455,0.2066825320431907,-0.21319053791279563
2005-10-01,0.09612317494490075,-0.19524470752204548,0.09658838185825824,0.3167113799277558,0.03961179014708527,-0.28392145898787124,0.48676570375524775,0.36322862060539174,0.1839733958200137,-0.1038362805487365
2005-11-01,0.08213099910471056,-0.21199757969509092,0.1219183898935059,0.30191360369693643,0.05057062293051062,-0.2846963546252765,0.4791218898920462,0.3512714078518677,0.197882429621825,-0.08811540867103629
2005-12-01,0.07627797029722871,-0.2359090973373263,0.15174145305504094,0.2845933475714498,0.061842016039653114,-0.3121678668555754,0.4970398938937628,0.3444685995024023,0.20462450853244663,-0.07251082469908243
2006-01-01,0.06092375082735102,-0.23557033819058604,0.13096325731194636,0.33849725443694456,0.06093434430853928,-0.31270836373949595,0.535917212982943,0.3307386644818725,0.19276021822872325,-0.10245600064823801
2006-02-01,-0.014402565243628374,-0.2557453274534385,0.26928107057849116,0.25229425056329396,0.02196966049390614,-0.2440229223617954,0.5014564472933881,0.34471547949987713,0.24666209419064788,-0.12220818756074148
2006-03-01,0.05260507492823874,-0.25125576507565217,0.2551653716924376,0.26258345452809695,0.03572807045204918,-0.22772066911906738,0.4519868273387966,0.3200874561951106,0.22034411989431407,-0.11952394083432338
2006-04-01,0.021182359427347475,-0.2782977356397478,0.3586166759272156,0.24297496049838552,0.00924701736708311,-0.19965089661488153,0.3792528923732499,0.30312427009313725,0.23639024868128883,-0.07283979211307856
2006-05-01,0.04013320335704118,-0.24419567548716803,0.3376959073887722,0.229961996561731,-0.0036464112109636515,-0.15958260653417405,0.3568046171298893,0.28396130481553195,0.26438354009560244,-0.10551587611626378
2006-06-01,0.010963430287227016,-0.21095388704345708,0.3082217599317669,0.24753910326242057,-0.011362365617536896,-0.1526875367216864,0.3734553879944167,0.3005991701655404,0.25108449249174075,-0.1168595547504323
2006-07-01,0.03304038571517487,-0.20888559725293154,0.2188762269561182,0.26706472225897,-0.00542712349622132,-0.12012762420142784,0.39235041819683203,0.3155340898179133,0.2640340635687464,-0.15645956156317475
2006-08-01,0.11427634814191934,-0.19890620318623642,0.22066427473778893,0.23518757572471483,0.016866269967265146,-0.10840531400879312,0.3470305515169205,0.2856528548065851,0.27883992690679493,-0.19120628460695976
2006-09-01,0.07571271319807082,-0.18712897805735967,0.2042862308003346,0.21807606908275526,-0.0007551586215110984,-0.09472311007474069,0.392920657248773,0.287456084740755,0.2847174099722451,-0.180561918289323
2006-10-01,0.058973007238934505,-0.178901861715151,0.21954563709394703,0.20518877744003197,-0.0036212621209528173,-0.085321794037971,0.43408462932144243,0.3005244114397403,0.29619877930872945,-0.24667032396875066
2006-11-01,0.054690194067286146,-0.18147131807484407,0.24185426818162514,0.21888615304965728,-0.00940635643649168,-0.07774755604378841,0.4318879764349972,0.2872842827831237,0.30416605246605866,-0.2701436964276238
2006-12-01,0.02163016998626044,-0.1855003917076678,0.21022700320468113,0.20463709658486934,-0.014560416435716483,-0.09398211567434694,0.46792933264157033,0.2998100286334169,0.3049518205553026,-0.21514252778837006
2007-01-01,-0.029241942837792134,-0.192408772644042,0.2576560367065175,0.18559834897455552,-0.035291365287279275,-0.07518649801272116,0.5256509553067579,0.2940342583833293,0.33436131676552816,-0.26517233735485357
2007-02-01,-0.07640102689718753,-0.1947936265010557,0.29804598208583566,0.18556031485564456,-0.015924871145465813,-0.08983718369331808,0.5283584560410025,0.2875848115755788,0.388059079717602,-0.3106519360386366
2007-03-01,-0.047844725257417675,-0.20240076344823454,0.33210869341395344,0.1464391072284006,-0.011927605046973211,-0.06339013221616008,0.4619797607531406,0.2828942285331959,0.39960179617590735,-0.29746036013581234
2007-04-01,-0.08119901637424509,-0.18432372917009682,0.30917857040824304,0.16252737292187963,-0.019151608973797418,-0.061368356831787235,0.491858255755957,0.2868366004113482,0.4223011554815319,-0.3266592436290341
2007-05-01,-0.07783950341945234,-0.18663907891525,0.3199161288145178,0.1730175825109857,-0.027907330614479475,-0.039264594221564836,0.4782619506807462,0.2732609054642776,0.4127928114872613,-0.32559887178704094
2007-06-01,0.016738314256251163,-0.14760953861685078,0.27727596648052977,0.20538561616226242,-0.006930716281054905,-0.0413439485392892,0.4480686356461888,0.23710811434745527,0.3803414609751201,-0.36903390443061324
2007-07-01,0.004596936945018282,-0.170661679921571,0.4018156570654603,0.19360323047445743,-0.02661526176345186,-0.00035478616800661833,0.4120211113905584,0.24961641717350047,0.38658187921890586,-0.4506035044148712
2007-08-01,0.031196418836661577,-0.22494457738973184,0.48433832792556064,0.15735374555294784,-0.02685596586427008,-0.011421748551436517,0.37856441003785146,0.2670319597334193,0.36673091116565737,-0.42199348144666005
2007-09-01,0.04170677346010665,-0.2341568410504386,0.5454057813114255,0.15361163342243767,-0.016766724689995405,-0.024056425679400167,0.35624960668870886,0.26201872164051476,0.3748577740501275,-0.4588702991534871
2007-10-01,0.10891708412479972,-0.23990387263007246,0.5832932811074594,0.14263612769310335,0.03459232005881452,-0.09248339767206801,0.33406841683409194,0.22716991240159146,0.38575750406584314,-0.4840473759835635
2007-11-01,0.14232780556251923,-0.23480014894501194,0.5793015348283597,0.15715972406082007,0.043510353305729055,-0.1235635616057009,0.3366263518507817,0.2490442973066581,0.36881369473691483,-0.5184200511010705
2007-12-01,0.15402130932025826,-0.26443074393329963,0.6528530368537817,0.22298725324542107,0.06568994315992271,-0.14976880497386902,0.3808534143464841,0.23689978467431994,0.3378106276476288,-0.6369158203406478
2008-01-01,0.1649203954762195,-0.2729864324895699,0.4981050392834989,0.2513622942497615,0.05161884547938511,-0.20949956508655482,0.47928673826649204,0.19472891440147966,0.3267737918814014,-0.484310021462113
2008-02-01,0.18637001505078854,-0.29997408502137535,0.5712742921937353,0.2639185720609135,0.04567765713576488,-0.18370114359304496,0.4547977213936609,0.1955099091978959,0.324264654142441,-0.558137592560779
2008-03-01,0.20843275802566041,-0.3262951701760345,0.5968777534577259,0.25511447197567716,0.06723184128177484,-0.2119999947732961,0.47530194058271213,0.18734669494433898,0.33552947499404984,-0.5875397703126097
2008-04-01,0.20924264256844083,-0.32865905539445717,0.6088848882575748,0.24520235842961874,0.057832621684499874,-0.17689851061628928,0.4982328494436278,0.14601927778659707,0.37928131608658494,-0.639138388246197
2008-05-01,0.16404349567098686,-0.43796417219895567,0.7445305593706744,0.25799309126707726,0.08015953439704071,-0.1724684650456529,0.44623351916911214,0.13751480466926735,0.39366201142435536,-0.6137043787239054
2008-06-01,0.10533211646004981,-0.5018770667228674,0.8928214626585984,0.29969169380935673,0.06323195826568617,-0.16883034207302067,0.462385908287956,0.1261059902895425,0.4116359084456523,-0.6904976294209542
2008-07-01,0.11596857870159227,-0.5480020628769404,1.0519292374538942,0.20284933731644628,0.06423846104338815,-0.283959357610297,0.4554746719798501,0.18663887087587594,0.3773717233313314,-0.6225094602151409
2008-08-01,0.1883467306888531,-0.4811114554306001,0.8833048050998337,0.2723081153657549,0.06175758695217948,-0.32413248435364495,0.4351472526272488,0.22099102788419211,0.17398736813317894,-0.4305989469669962
2008-09-01,0.4369433847817972,-0.4177934950756138,0.6355327772687389,0.2987524215567348,0.08791747142250361,-0.4301093834326429,0.4954353127386324,0.18369629830190648,0.05906369734478345,-0.3494384849068404
2008-10-01,0.43181742779266985,-0.5573481108571494,0.6025425292998834,0.2901168704606636,0.12102784941155603,-0.42462434379059233,0.6004994757693684,0.20548215269069348,0.1646134668612319,-0.4341273176383251
2008-11-01,0.3700131662248538,-0.5861380758199857,0.6927724264349971,0.2818969497185702,0.08110271239067096,-0.3256493232925254,0.6037696122199436,0.1865262746843015,0.26072118392057997,-0.5650149264814067
2008-12-01,0.3820169760842258,-0.5921270001139001,0.7605578067723728,0.3047040947177343,0.05976292849164366,-0.3800982008982087,0.5912887678914192,0.22868554141483433,0.2013732042928027,-0.5561641186529234
2009-01-01,0.4632279660694155,-0.6815334932724579,0.8950325489237664,0.36368646764104745,0.05515243840697093,-0.5076741304332248,0.6568978361711552,0.20187475210236167,0.25231042688821104,-0.698974812497245
2009-02-01,0.6953363926371938,-0.6383023151422083,0.6680517817729967,0.39418479971126014,0.16372858567823917,-0.558114917832683,0.7868556496641274,0.10886199516695566,0.26525718329747305,-0.8858591549533548
2009-03-01,0.7029775717805545,-0.5477267173405925,0.5259983659835409,0.3301186132723975,0.15757785517027284,-0.5137247278325863,0.7392438260434095,0.11337529692610115,0.25219899177563,-0.7600390757787274
2009-04-01,0.6798955742462245,-0.2481289858567855,0.45087239502312504,0.23900205355398918,0.12948375101298787,-0.5221876153267457,0.6652784532129927,0.1544456173337111,0.20196484013701033,-0.7506260833365093
2009-05-01,0.6558217561679627,-0.27064487030734524,0.4760484691091744,0.33036132478377683,0.11811205594368362,-0.5845058002087261,0.6570446404915885,0.20870160561710493,0.07481223138976512,-0.6657514129869841
2009-06-01,0.715888180125009,-0.19841594444584343,0.37718758790342877,0.2731178117481714,0.14097177968205754,-0.5565883632036456,0.5891928639732473,0.1886872824437994,0.18288129486818072,-0.7129224930944051
2009-07-01,0.7160918441380701,-0.15694896946327846,0.33007999618452777,0.2708085654449459,0.13940307604022928,-0.5907303142523554,0.5988351974483662,0.2171421896604352,0.1518691143714891,-0.6765506995724295
2009-08-01,0.6923611552983686,-0.20147351124467072,0.2960839451336037,0.2591165093403145,0.10415581543620095,-0.5406782788197713,0.6229651523320872,0.17104962224651576,0.12700568609715668,-0.5305860958198052
2009-09-01,0.8629815703641435,-0.13735722829877128,0.25224709579133453,0.2955937319864537,0.1481226927568785,-0.6511559927369593,0.49226120436275367,0.19015891665629958,0.0657224767016864,-0.5185744675838194
2009-10-01,0.9745115392362855,-0.09638375552758194,0.2509548806207553,0.38525358809463794,0.20139751672085904,-0.7976577912066931,0.6140131454590276,0.10966714799655841,0.07607303014629352,-0.7178293015401419
2009-11-01,0.9058347963455657,-0.09743688846417814,0.3860718237662659,0.29348803562739467,0.1516906645229238,-0.7519511134994988,0.545437049228328,0.11635307421943208,0.1596850080698795,-0.7091724498161133
2009-12-01,0.9486623373841023,-0.02266094757924242,0.19886750308140666,0.28239445289792825,0.12440875437895604,-0.6802605380106963,0.47652122144160924,0.16484867639302614,0.1869188900435632,-0.679700350030654
2010-01-01,1.043359311691287,-0.13566021709485354,0.46019254237828733,0.24860868816762505,0.09685351397106257,-0.7412013884497602,0.649021448834304,-0.003191299337678588,0.09982205372226949,-0.7178046538825424
2010-02-01,1.0306455188860586,-0.11425682307197876,0.527263884217605,0.2500511381431913,-0.02972292376808927,-0.6735692756494753,0.6514481512070085,-0.036403557911486195,0.08293389925476069,-0.6883900113075943
2010-03-01,1.0342389574829953,-0.10120736003699271,0.5294549738967778,0.21274350810362164,-0.02233510233788616,-0.634064300402918,0.5917389329022714,-0.010383696071323723,0.09305110324901533,-0.6932370167855613
2010-04-01,1.0633855782680166,-0.18255875098291852,0.5077135456588922,0.25171491238143184,-0.011421835009904346,-0.5607205742993046,0.6479275008949961,-0.15400627084356922,0.04011117191890168,-0.6021452779865423
2010-05-01,1.069439655089068,-0.18639658072057907,0.5007781245632403,0.19342732833932022,-0.011028025808029862,-0.5071488571199186,0.677000290911099,-0.18098128819689863,0.08947759410252198,-0.6445682411598226
2010-06-01,1.1290745920179144,-0.1727596638455321,0.6114019007851841,0.15884819500292535,-0.07256351016880785,-0.504021172972185,0.6832222642207344,-0.37038477600058245,0.22321724077357774,-0.6860350698132289
2010-07-01,1.085397427815715,-0.17138263863266223,0.6946152421229299,0.16881144123475172,-0.08843730732878013,-0.4257548529405378,0.6752176341921868,-0.29972541639082595,0.17342311838339197,-0.8121646484561693
2010-08-01,1.3546263766066233,-0.15115404476809213,0.6891348803720327,0.18597473116815633,-0.18167205125560804,-0.3222447101860533,0.8897320632932135,-0.37235301023540107,0.028315968984149786,-1.1203602039790215
2010-09-01,1.3509630031641824,-0.17772308677949122,0.8593858634659544,0.1728139638124259,-0.15827004340380724,-0.32749793559131324,0.8794748824496373,-0.3750741876730388,-0.03189433349564502,-1.1921781259489037
2010-10-01,1.3427719012894168,-0.1551249471127416,0.7981445079516574,0.18078831631318343,-0.14109839325025814,-0.3151314176602306,0.8490324148190505,-0.35682096481970554,-0.03209677422815216,-1.1704646433022217
2010-11-01,1.3377662526886034,-0.1301758477411804,0.7190931193637087,0.21614673976339385,-0.14658570391668452,-0.32766196216106924,0.888127405031983,-0.35360206572353603,-0.05234886589490273,-1.1507590714103162
2010-12-01,1.2734165008094265,-0.11533121665174795,0.577925231158904,0.2572760179626708,-0.1335013571537499,-0.2890638139233008,0.786079153590034,-0.2788139898831932,-0.0899512373757666,-0.9880352885332766
2011-01-01,0.9966841852477408,-0.20665700775865803,0.8221576067997691,0.23249543032511263,-0.18614121700783415,-0.4624777433894138,0.6790695121137664,-0.0989281796160495,0.05696361030757724,-0.8331661970220109
2011-02-01,1.0562861238286019,-0.2651432607895913,0.8247863255181103,0.25749763588446495,-0.12341015505372377,-0.4093516417988834,0.6693758861499457,-0.15628752902374998,-0.03095583573956945,-0.8227975489756048
2011-03-01,1.1388294566032717,-0.31802507289714077,1.0806178437746201,0.22204657206551381,-0.06342724634838548,-0.4172948299358885,0.5792086155873963,-0.10325030551251357,-0.15767453436145012,-0.9610304989754244
2011-04-01,1.1931485060659712,-0.3018691288711661,1.0642125623193204,0.1950850077322313,-0.12460086597964148,-0.36595056915863156,0.5939674679635378,-0.09531646264344384,-0.16140441119398496,-0.9972721062341934
2011-05-01,1.1931321499766518,-0.2665513562824702,0.982640346824212,0.1737702113930871,-0.1107979400723984,-0.33214782853348546,0.6104296887154197,-0.08324750995236008,-0.11761814933087428,-1.0496096127377823
2011-06-01,1.0512661873710876,-0.385927572656261,1.411305917936536,0.12273571306070838,-0.20624890007049862,-0.2885201208728424,0.6876500373640657,-0.12043097160537408,-0.04842945719027497,-1.2234008333371473
2011-07-01,1.1545883903118965,-0.42213048473862275,1.2948165851105569,0.15017866845326155,-0.11441871643409796,-0.3282498106245262,0.6490157122063565,-0.21794422046898787,-0.03271241630553745,-1.1331437075102988
2011-08-01,1.1318867291409838,-0.4245570945586527,1.2661309577364477,0.11285259701181799,-0.1124154269027916,-0.3111035989532411,0.681782921970262,-0.21304867260773253,0.01128921362771057,-1.142817626464804
2011-09-01,1.0823785620855775,-0.4868339413431864,1.6269588601130733,-0.03454907505452101,0.058410663759962955,-0.47086351360234646,0.8011354000622551,-0.4019271285708654,0.2055692395798423,-1.3802790670297924
2011-10-01,1.0151989938208543,-0.4252102452700217,1.4920007543002916,0.010379286298290602,0.02610738669779933,-0.4515191591209562,0.7870375294749791,-0.35577931550537667,0.18711108706415724,-1.2853263177600194
2011-11-01,1.0978782723154452,-0.4815160676399644,1.5545993414000392,0.05622470320245451,-0.052738719475967755,-0.4121081072150175,0.7660178623145613,-0.43260010008672856,0.20332318805693372,-1.2990803728717566
2011-12-01,1.030997268879874,-0.41341486973853553,1.368149273080337,0.044995960390463885,-0.07874134435143498,-0.3631842557921487,0.7086483770094718,-0.2754134293417929,0.21160666601700873,-1.2336436461532447
2012-01-01,0.9131648024746164,-0.36413319578619596,1.276090983799054,0.05001903521761497,-0.0531243558262644,-0.37766454640174213,0.6662270210747305,-0.14943057415152095,0.1700608901020404,-1.1312100605023327
2012-02-01,0.9326270854803012,-0.34710754654744636,1.135824252079738,0.0782469813489203,0.0010484034955059451,-0.3682976410485963,0.6467319240281085,-0.1526488495655699,0.14525392751160726,-1.0716785367825683
2012-03-01,0.9387723001260921,-0.3511483437709033,1.048843454289388,0.07372493746758577,-0.020268241884538796,-0.32574224929470297,0.6861243976445384,-0.09490874178183983,0.07478557546973064,-1.030183088265351
2012-04-01,0.8365547132648059,-0.3848395025879706,1.0470953967908354,0.07257230343222154,-0.030400808084820596,-0.2541445376271467,0.6923254733197824,-0.0485954794048683,0.07477770153139662,-1.0053452606342357
2012-05-01,0.7167136484044028,-0.35781367189561514,1.0086064646685786,0.005360569813611327,-0.020590465087095278,-0.26977201313150917,0.7311550028624904,-0.015067607038050435,0.23557137665200722,-1.03416330524882
2012-06-01,0.6437151572035247,-0.3296962707549429,0.7783098289385848,0.0334746491440816,-0.005687803731926455,-0.12260381289427486,0.6583202728190427,0.10298887429194015,0.19831700181429113,-0.9571378968303207
2012-07-01,0.5752717963338241,-0.29698187865102144,0.7441713860160433,0.04426299741222564,-0.043703847370047955,-0.003418413883135185,0.8040855177150724,-0.06312140046435888,0.3200116171861494,-1.0805777742947515
2012-08-01,0.545133335842148,-0.3302419600910184,0.859978490769338,0.05104522234567521,-0.02012536021476885,-0.01096735441472868,0.810885099765071,-0.035198116720534744,0.2482877507691731,-1.1187971080503543
2012-09-01,0.4696507784421011,-0.2924991428513627,0.6209599555465961,0.06317602461595023,0.09042422607001144,-0.034192390770895364,0.769479680765833,-0.03946990027622099,0.3320603635678994,-0.9795895951099125
2012-10-01,0.40094992763540915,-0.1572306062932176,0.6440201885987475,0.03541903157113291,-0.07245802986150873,-0.24092776671916283,0.8307223766397562,0.0250278659947889,0.5064263154417693,-0.9719493030077159
2012-11-01,0.6639992278710856,-0.16892043744115737,0.7616310158290498,0.050853010865088366,-0.24960239101636678,-0.442581704928388,0.9683153964471444,-0.059862497599072695,0.46379577862529564,-0.9876273986526789
2012-12-01,0.5171911790491549,-0.15297250783691646,0.7231828809263274,0.04550476293332764,-0.2170345110542904,-0.3588938294733442,0.9169466951790877,0.009985338477632721,0.44901671821740075,-0.9329267264183803
2013-01-01,0.6006621809687465,-0.18073995448672908,0.8604709919773954,0.031926698786326674,-0.30432936549261136,-0.36607711042940555,0.9896493529826952,-0.08836572818138366,0.4421912463535264,-0.9853883124785605
2013-02-01,0.6538953379948662,-0.16833186272626904,0.8829444393735155,-0.011139096665640086,-0.37034007831129406,-0.2684060050027577,0.9377324522797734,-0.1312548352355868,0.4634288512387088,-0.9885292029453177
2013-03-01,0.7574552537924556,-0.1420175714216917,0.7886485096499376,-0.0016646786966898058,-0.35254308950759095,-0.22441307296221813,0.8762149833087518,-0.15017820675673088,0.4224659949235436,-0.9739681223297679
2013-04-01,0.8668355633871573,-0.15576327680535818,0.9325182988338678,0.022427939130513608,-0.4012766526451609,-0.28800026931887723,0.8989049665286398,-0.14691842443269187,0.3824582673295589,-1.111186412007649
2013-05-01,0.6994826863651715,-0.12230146679189002,0.8412339044208585,0.09020995127822307,-0.39001003648950494,-0.34921381583546396,0.949945755826585,0.04143943919407311,0.2576874804356157,-1.018473898403666
2013-06-01,0.7398348678348148,-0.1271284007537315,0.811804013285369,0.08760774901987561,-0.3954307439165684,-0.29656113000748463,0.926856681431151,-0.02460756761971139,0.2705429586564839,-0.9929184279301989
2013-07-01,0.7858752187183171,-0.08010297170637204,0.6523041138935195,0.12450425519214361,-0.42800593558529687,-0.25347416927297484,0.8966063601826761,-0.021008949388346188,0.3031269768459126,-0.9798248988795784
2013-08-01,0.7889513158266519,-0.0855207490768386,0.650312606430405,0.11702862304789735,-0.3707702075203473,-0.23498938911601885,0.8067567587395912,0.012402061953085353,0.280094370784889,-0.9642653910693144
2013-09-01,0.634607042093096,-0.12325277913338772,0.9265873113983609,0.12444098901141984,-0.4945116678152288,-0.04874961231010061,0.9827206705370285,0.06249441326321081,0.1382682435347783,-1.2026046105791777
2013-10-01,0.6244582035303123,-0.11806234044097708,0.874972434391569,0.13925123087214203,-0.4937793022048287,-0.03917211417993394,0.9670421523024826,0.0895756257874456,0.13628821811921282,-1.180574108177425
2013-11-01,0.4984958425276822,-0.151704975647169,0.8778921713001719,0.1501322210899122,-0.49248701989405286,-0.018754888803342196,1.0161148923834489,0.15739342645722731,0.10216019258735476,-1.139241862001233
2013-12-01,0.5532155499946405,-0.24567268032041512,0.936382854660311,0.10007741718663771,-0.41351186155105235,-0.05821231553732498,1.0847046559380868,0.02742656251955422,0.10078299835214677,-1.0851931812425852
2014-01-01,0.36554803710224704,-0.19753581739825543,1.1156837079159074,0.01330323350248852,-0.4446038312097148,-0.12176475748029547,1.0413752738966329,0.1694276774171477,0.2618410096634764,-1.203274533409635
2014-02-01,0.3386918016080336,-0.18170064335167657,1.0914831656317738,0.015151648308619314,-0.42542499764736674,-0.12337005793800127,1.0245103981743449,0.2086494956956303,0.25961049340119763,-1.2076013038825557
2014-03-01,0.44822873827738086,-0.1756648616401335,0.9611375100448778,0.033485328956796956,-0.38765953624898464,-0.1134305816009138,0.9278037844234976,0.16518827858423635,0.2470348122896202,-1.1061234730863791
2014-04-01,0.41382330661442435,-0.20871891326292336,0.9598130410023571,0.013095009350443082,-0.3448159520158386,-0.1545304132782015,0.9504222556832349,0.07654597260665164,0.33413478442939887,-1.0397690911295474
2014-05-01,0.579048933743044,-0.1488292642720822,0.8469124588141024,0.05773307314154147,-0.4126284043170517,0.023326383589941435,0.8869099056900398,0.1002880627494449,0.1928534578003384,-1.125614606939319
2014-06-01,0.523386984832154,-0.11156009186426313,0.6567965931699726,0.0757157368496012,-0.375770998944131,0.02339346915394369,0.8764253465605532,0.1478345752061111,0.23618616484649596,-1.0524077798104374
2014-07-01,0.5626200100899106,-0.11815556772328706,0.5795167465215361,0.06848627976886842,-0.20793442421302366,0.10685981087594693,0.7934338265356067,0.2730416602496277,0.06359271625609453,-1.1214610583612794
2014-08-01,0.6239744483239069,-0.08919638263158713,0.5094081972374918,0.09133768325245623,-0.13189968157196486,0.04933104792102466,0.8241628320610004,0.2719900221078233,0.02877149404020779,-1.1778796607403599
2014-09-01,0.7256802756607821,-0.1439700969329395,0.6367087708342796,0.004332471307538166,-0.12419574374917142,0.04223718833121293,0.7490909539792439,0.26977660528537206,0.0022615371989940236,-1.1619219619153114
2014-10-01,0.6333677030676419,-0.11258464132899482,0.8307415932342321,-0.04015662313765822,-0.23564568200774816,-0.0021866336347984294,0.7351201873816549,0.4256686755039766,0.017016755683947893,-1.2513413347622522
2014-11-01,0.6252205745194441,-0.09975913422771487,0.817083997937496,-0.054871172084795944,-0.25024113547253624,0.02668331602983609,0.7739153515147055,0.4759804320547343,-0.01182364003248959,-1.3021885902386785
2014-12-01,0.48822546760504903,-0.13142609546546308,0.8394501211942678,-0.04315996696358512,-0.2705351449967992,-0.04010571497308446,0.8840119455683877,0.43091303807297987,0.07897570306220397,-1.2363493531039584
2015-01-01,0.4449062286413288,-0.08639586788023762,0.8347176142755068,-0.06491216313221942,-0.22953794328600385,-0.0056761335857992146,0.8560842002515778,0.5517137808258534,0.044590349185727685,-1.3454900652957367
2015-02-01,0.5182950745585087,-0.07979934956845469,0.7784141823649433,-0.11386164045634578,-0.16017179160190276,0.10781935204549103,0.7902526840223885,0.5354943143972123,-0.028914754517090135,-1.3475280712447508
2015-03-01,0.4861097804368666,-0.02670280243704437,0.6709524848299879,-0.08480512046184276,-0.17148568148506493,0.07222918908340675,0.8036215621123972,0.5959908611578708,-0.02211068640547531,-1.3237995868311037
2015-04-01,0.5985959508489958,0.012116413802178094,0.5133676025711131,0.015038297414136481,-0.13297269708323367,0.14092731984893553,0.8490737122237828,0.4653826076131977,-0.10447973608548888,-1.357049471153615
2015-05-01,0.5793975203999482,-0.002034698921331679,0.6184264400803716,-0.02186235304844747,-0.1836146386384152,0.19049388276694218,0.7667638954207787,0.5586624202442539,-0.13046940226879944,-1.3757630660353
2015-06-01,0.7248056607144924,-0.014390099836510295,0.8995934247813753,-0.09487271286455295,-0.21287586825640936,0.30028711984147316,0.6584797163243206,0.6881815599988763,-0.34643278390222054,-1.6027760168008456
2015-07-01,0.8001632935857121,-0.010299121005614142,0.7485952893049035,-0.12201497989091317,-0.16689745885115248,0.2817224409077476,0.6298832824614125,0.6335728408662329,-0.3005347027174776,-1.4941908846608527
2015-08-01,0.8325921236626173,-0.05291322445414526,0.880529149707455,-0.16337800609556757,-0.19665182794560154,0.15958752464567244,0.8416921390158252,0.4663607366102427,-0.24957901032531227,-1.518239604821185
2015-09-01,1.0074283799160746,0.03477637331336658,0.8750276476682695,-0.25246462987683616,-0.18864899141910252,0.26423123306562696,0.893676382923676,0.4363041775179668,-0.3274260703063785,-1.7429045028026633
2015-10-01,1.0402515740036773,0.1279774620012598,0.8547177300411177,-0.20600861025123174,-0.1908655943815334,0.3500089955991729,0.7532002629238628,0.5756517954272348,-0.3814298688937114,-1.9235037464698477
2015-11-01,1.1258721741766795,0.23599177617581069,0.6636841050782603,-0.13273805288703164,-0.24246722908208396,0.33648338317809723,0.739322169815704,0.6799527402357108,-0.43730269991481197,-1.9687983667763347
2015-12-01,1.2383527111314891,0.25817680235865015,0.6256019506278108,-0.16542712598371734,-0.19841071043445702,0.37620957346024747,0.7629271670060345,0.6481692358521027,-0.48949363213472763,-2.0561059718834347
2016-01-01,1.4254595319943126,0.18341728621659192,0.7022540200910377,-0.2809976094739631,-0.17514409910251383,0.4049841381080144,0.7468126888424855,0.4128588561041223,-0.4012961927525377,-2.018348620027551
2016-02-01,1.4415712350755787,0.20209216168508715,0.7487272562089209,-0.27068919663561286,-0.18431283673780752,0.3578962957882832,0.7399973039355763,0.4000002091837834,-0.3837701972476839,-2.0515122312561247
2016-03-01,1.3469552193644954,0.2302462323149952,0.5575175588483834,-0.23874127678577603,-0.13000485626806535,0.2887187492645994,0.6865699676533807,0.3669476461621952,-0.23035094305171755,-1.8778582975024882
2016-04-01,1.313916979741841,0.32929501769735414,0.3394847397625962,-0.126201536120144,-0.2219100635937561,0.30975829378319936,0.7458232531009339,0.5618247535334777,-0.3198656760155172,-1.932125761889985
2016-05-01,1.1656631634575432,0.24628849317337376,0.27579703428055424,-0.12604418532178038,-0.02943793700508235,0.22436383505221402,0.7276583145095312,0.553492888395221,-0.2609210443750575,-1.7768605621665179
2016-06-01,1.2376048600040834,0.20125658695257187,0.4357100958061175,-0.17088763474861593,-0.011258275076352464,0.17428071463945183,0.7278581049928108,0.5246380644149438,-0.2816277554059859,-1.8375747615790257
2016-07-01,1.0190960012196135,0.07604508412650213,0.9334155476733543,-0.32132879414453464,0.10782199110347745,0.09532440127505915,0.9641555045350856,0.48793118346992115,-0.3151494248965348,-2.047311494361942
2016-08-01,1.0375609962350993,-0.02668407668254713,0.9465647870615186,-0.2557411934606163,0.12081737017766625,-0.07723253097428118,0.9501107810437652,0.3509292542196518,-0.2995426062831822,-1.7467827813370758
2016-09-01,0.9815477431234418,-0.021942890259027292,0.8523277239582399,-0.20770221549175885,0.1686291737559562,-0.09759168000825869,0.8494499730174003,0.3779327407138481,-0.22321641774490053,-1.6794341510649398
2016-10-01,1.1791000073843265,-0.06465130090755444,0.7022301837982243,-0.21386579224385363,0.26208742272026364,-0.20286611100207552,0.6949035508346153,0.19187518730137498,-0.15291428638619234,-1.3958988614991301
2016-11-01,0.6711969707075287,-0.18928664150257513,0.712973043598299,-0.13885597218927515,0.03381947855192413,-0.010151184538075286,0.9738254628664058,0.1996707093585221,-0.15255139064462414,-1.1006404762081312
2016-12-01,0.7658335109318093,-0.09099882828353745,0.48737158007946935,-0.08606380806974678,0.05461940373637031,-0.006595969531631329,0.8402642900422488,0.23990366832577675,-0.13168837901808356,-1.0726454682126765
2017-01-01,0.776323722940812,-0.10023975887607017,0.5194037939945702,-0.11681532644019127,0.09315231987546069,0.0037044007652983213,0.7855327104115175,0.22883035582100913,-0.12058549264248417,-1.069306725849923
2017-02-01,0.8566093332298443,-0.08664506747020995,0.4210565994954534,-0.10283768664201903,0.15289441214010346,0.017048895016318455,0.7083405693312219,0.2998445100375197,-0.20451494802258247,-1.061796617115649
2017-03-01,0.860882196405147,-0.08044456887987161,0.4478605954451167,-0.13406868006453643,0.18628569233335002,0.02483702430644863,0.7186584298864149,0.3234682939667559,-0.23472283367338093,-1.1127561497254423
2017-04-01,0.8165724324413395,-0.13431962305532053,0.5747569335113294,-0.17989556150511282,0.1945421066567159,0.028757410623580837,0.8167683786119064,0.2580294883886306,-0.23266907343153684,-1.1425424922415337
2017-05-01,0.844256643504286,-0.1350188918079962,0.6112191536341047,-0.22160504717130164,0.24317048705364597,-0.07991243463726216,0.8352197591615109,0.24755361783408658,-0.19152896140269104,-1.1533543261683814
2017-06-01,0.7354900342426891,-0.11836279784088521,0.5754719644153692,-0.22425026127256387,0.14257452349651079,-0.13154089544632264,0.7126056778289453,0.4043394083568494,-0.11029161703765439,-0.9860360367429373
2017-07-01,0.6961409733485193,-0.08515850177264528,0.3286440960484658,-0.19725798303812275,0.1500966556724843,-0.052279858339405294,0.6900045244489799,0.3940604909509011,-0.05733996348186973,-0.866910433837309
2017-08-01,0.6293546181387866,-0.08759553615293214,0.3922436400341809,-0.2458953877614496,0.18551268004387578,-0.06212186167546363,0.6470770832816632,0.4209082395675907,-0.006080827518843701,-0.8734026479574097
2017-09-01,0.56549631082695,-0.07783708885105978,0.318547168857501,-0.16572341221607012,0.12290295593166722,-0.1270421591604869,0.8031122427148687,0.41398783429003766,-0.021451014521006118,-0.8319928378724006
2017-10-01,0.5159711096208173,-0.14380280701492465,0.4744612464826927,-0.19749782677606859,0.12791428673731642,-0.1870290828672072,0.8864458468426233,0.3506608985280073,-0.011338307114526908,-0.815785364438729
2017-11-01,0.4338297669919977,-0.15626047063065363,0.4070184174306428,-0.19195634851418597,0.16192940565022607,-0.12894301496655025,0.9586548732586442,0.31536436618795943,-0.01301375766359375,-0.7866232377444864
2017-12-01,0.4578012920464074,-0.1698530663068465,0.42850860710115946,-0.22126126108234323,0.09239986069736061,-0.0629522878242883,1.0280747116101527,0.34669441813114854,-0.10775739397858791,-0.7916548803941652
2018-01-01,0.45953224728037645,-0.19334070289931082,0.5416507027050521,-0.2448309462409377,0.2904920021211326,-0.006488465547216271,0.881451016284736,0.372852695341947,-0.16875351843258782,-0.9325650306131923
