,MSITALL,MSGERML,MSSWITL,MSCNDAL,MSUSAML,MSUTDKL,MSFRNCL,MSJPANL
1976-01-01,1.8530487329692515e-17,0.14184094147539772,0.024973526835516045,0.3757242994155018,0.018754167890472597,1.1583865669300332e-17,-1.963865480351559e-17,0.4387070643831119
1976-02-01,1.3855656592843064e-17,0.162075604439064,0.012942794371801155,0.27703475685503043,0.12157064305245682,-3.7276726595468016e-18,-1.1502149864723647e-17,0.4263762012816477
1976-03-01,-1.9614147097501225e-17,0.1756305752505929,0.021977314084100266,0.3171420379035163,0.06139607453812321,-2.41440445396958e-17,-7.330338600861049e-18,0.4238539982236673
1976-04-01,3.2110738002212983e-18,0.1964349195371898,0.013126862799306312,0.2852556156379119,0.10106558160589614,3.3693256426314496e-17,-6.916709047919664e-18,0.4041170204196958
1976-05-01,1.8598594611435496e-18,0.06339352140341084,0.0536134589842032,0.4009655579690048,0.002278395098401444,4.5538847950046854e-17,1.035286176909812e-17,0.4797490665449797
1976-06-01,2.283701288189523e-18,0.108705193287803,8.08617112638451e-19,0.44775105828444584,-1.4748859342029754e-17,6.7418420744186265e-18,-1.82757897076187e-17,0.44354374842775124
1976-07-01,-1.1417781246447134e-17,0.11982445761030888,2.6744113039686234e-17,0.40407382708515266,0.0334074488466017,-1.9066302038616834e-17,6.911432393612763e-18,0.4426942664579367
1976-08-01,-5.704336652263787e-17,0.12273959719323785,0.0004121764293009238,0.3805904769655679,0.05189824057625345,9.027838347844034e-18,7.660959111012922e-19,0.44435950883563996
1976-09-01,-3.524509996063558e-17,0.11825936040767418,-4.211909159237384e-17,0.3583709579707126,0.056915408292624356,5.6824055614285035e-18,-7.17812847164851e-19,0.466454273328989
1976-10-01,8.567425156877812e-17,0.15640877585390384,-1.7624780599215967e-17,0.30672095529081117,0.07942513108442446,1.1588621393038622e-17,-4.872906033473283e-18,0.4574451377708605
1976-11-01,4.9685642971272317e-17,0.13752585187064367,0.006803423226569438,0.2890095463172273,0.12046037845659897,2.6392429543459166e-17,-1.7322586350741929e-18,0.4462008001289607
1976-12-01,-1.9063513599998722e-17,0.18506246139539276,0.05812394384089269,0.11161149563255018,0.20034543371472588,1.0993145410290096e-17,5.5209819393684814e-17,0.4448566654164385
1977-01-01,5.4240254615174365e-17,0.22059544274231674,0.0450006599603821,0.10688310227269808,0.18038238860479328,6.068398249559528e-17,-2.198334616924435e-17,0.4471384064198098
1977-02-01,2.466426366394141e-17,0.21668133887047772,0.04332605245187083,0.12636386356689316,0.16877948327037773,-3.6438530299885214e-17,1.5853729444069162e-17,0.44484926184038065
1977-03-01,-1.0379221007590546e-17,0.2000695374775099,0.045357868409925284,0.1377878942168507,0.15631592218797946,-5.879046870399624e-18,1.0513798479091838e-18,0.46046877770773453
1977-04-01,6.758410008135449e-18,0.23138874385285724,0.03924675573971032,0.15016046074622097,0.14282994397692653,3.236902462093965e-18,-6.524011354214704e-17,0.43637409568428503
1977-05-01,6.699687463662363e-18,0.3058452331477145,0.00391905251080552,0.16449217606884253,0.11216419854147852,-1.9227686924402184e-18,-7.75896551508761e-18,0.413579339731159
1977-06-01,3.69379705010178e-17,0.2587588203585162,0.022220854653722526,0.15391286839767154,0.14347642794855628,-1.2460700243853096e-17,-5.24452375907142e-18,0.42163102864153346
1977-07-01,1.7000020073376398e-17,0.2588322163199819,0.01463155664032497,0.16709115403948813,0.14940585578283594,1.8026464420246318e-18,8.497245375106583e-17,0.41003921721736897
1977-08-01,-3.5840733809180605e-18,0.24644113011440993,0.01419071991541794,0.14350652294575802,0.18860248125559703,1.2248402127403005e-17,3.596540960968468e-18,0.40725914576881705
1977-09-01,8.745305210437338e-18,0.24317102765898005,0.0433773099497574,0.108474544138034,0.13371875055789045,2.5262083785155402e-17,6.8188264986959224e-18,0.471258367695338
1977-10-01,-2.0242385443340173e-17,0.2261066401311189,0.09550145490259278,0.09627820252008956,0.12294023442620218,-2.315705948755753e-17,-4.616874373242505e-18,0.4591734680199966
1977-11-01,4.743774671377744e-17,0.27707813668445297,0.12737590387302744,0.08919967549032438,0.05716801092949149,2.2862603335202068e-17,4.091707254281797e-17,0.4491782730227035
1977-12-01,2.0091968394526155e-17,0.2870435847199705,0.10715907893450055,0.12183639977471808,0.05721030977368965,9.786081819976343e-18,-1.0384635844168522e-17,0.4267506267971212
1978-01-01,-1.4023704800930257e-17,0.2935557134150042,0.10460376039612998,0.15131239070208066,0.033663709203318855,-7.067662888068022e-17,-3.4875835481919874e-18,0.4168644262834664
1978-02-01,-3.218367354298404e-18,0.2709637202619346,0.14947814318689873,0.1260012340072397,0.01689650600029783,2.317471257345199e-17,3.2291248128401827e-18,0.43666039654362904
1978-03-01,1.4505777724552754e-17,0.2843288228606366,0.14776597455502838,0.13262746744218704,0.0001769297844634007,1.1058430063673833e-17,3.7944299222852504e-17,0.4351008053576846
1978-04-01,1.9091925919673165e-17,0.27783035039529563,0.1392331897991135,0.14136299708693084,3.08345704426562e-17,1.9463041684589926e-17,1.3467677374060738e-17,0.4415734627186599
1978-05-01,5.7535299067171366e-18,0.27185696074641647,0.07771858895758973,0.09865968877676067,0.12967893794519006,6.5587860037023215e-18,2.6863342083416367e-17,0.4220858235740429
1978-06-01,2.5278322450223476e-17,0.2746407655893183,0.07753978663795308,0.12080479112158662,0.11655032370721778,1.0770634057749502e-18,2.7029060008047042e-18,0.4104643329439242
1978-07-01,-1.2343753487883843e-17,0.2581482732043666,0.1135765860369676,0.09815793623159601,0.1185746451082235,1.2631687617658055e-17,3.9308870480002415e-18,0.41154255941884627
1978-08-01,-1.296529158812344e-18,0.26238678219237693,0.10742754961941575,0.10352554888429837,0.11974878083544067,-2.2078101766099245e-18,-4.769591836106179e-18,0.4069113384684684
1978-09-01,-4.464605285967881e-18,0.29354548228201893,0.10109004904725241,0.08779005787267671,0.1284698667018611,-4.261668069160791e-19,4.415885681048573e-18,0.3891045440961909
1978-10-01,7.031587661850801e-18,0.33994607398081705,0.0929052130100754,0.08951668020725391,0.12051623176426933,8.594593772374397e-18,6.167017538976505e-17,0.3571158010375843
1978-11-01,2.8789066173105774e-17,0.3642089821612775,0.08594209769879495,0.12228251907307412,0.06286693401005851,-2.321104357569976e-17,9.759662868978518e-18,0.3646994670567948
1978-12-01,7.047220169423842e-18,0.3715716642101222,0.01737840132886325,0.21685652202359715,0.06495237549420449,7.214795063808574e-19,-2.6676394225511812e-17,0.3292410369432129
1979-01-01,1.4417749772990114e-17,0.31251099296800033,0.045781405138505926,0.20461934617694355,0.09085800646901006,2.187797225774845e-17,3.7685901948629575e-18,0.3462302492475401
1979-02-01,-1.548115914111401e-19,0.27006660065198124,0.06590056754736484,0.17510389374381133,0.14025858090336385,5.429739217722916e-18,4.354471869519611e-17,0.3486703571534786
1979-03-01,1.4583971103068957e-17,0.2718157173545675,0.059697963934044015,0.23020462482206536,0.11190930787836961,-2.8382072367680578e-18,8.226966036617046e-17,0.3263723860109535
1979-04-01,5.916653982950745e-18,0.23959761741541918,0.0799502963607957,0.23960273789380068,0.1202845278178528,-6.870521059123893e-18,-3.666773537115654e-17,0.32056482051213175
1979-05-01,-1.0544357589123926e-17,0.2288973145682068,0.06484106859826708,0.29219548502976406,0.050747447215500965,-7.455107972276501e-18,-7.122049910712511e-17,0.3633186845882612
1979-06-01,-6.106820260389774e-18,0.2555677407985092,8.775546075076906e-18,0.344904216609278,0.04097234447573407,6.5043963157227335e-18,-1.1643579599336289e-18,0.35855569811647875
1979-07-01,-2.5907416586632828e-18,0.24343375741762566,-1.4352506618466698e-17,0.35322219355061407,0.0412645228284701,3.03418260551445e-18,1.5121421750668996e-16,0.36207952620329
1979-08-01,7.61301892994581e-18,0.2804970328851194,-1.233972732750568e-17,0.3038164730862606,0.08123394285316582,1.462180125168577e-17,2.4489224372418705e-18,0.33445255117545425
1979-09-01,-1.2200178977968528e-17,0.2822141954873709,0.0058117211776082724,0.3015146393602099,0.0767435031776547,-1.2106708894762197e-17,-3.4291821376643856e-18,0.3337159407971563
1979-10-01,1.4192100635992225e-18,0.28483748722575086,5.9144061233977505e-18,0.3189152011781809,0.030203839620049758,1.1748161790010004e-17,-2.0974129572679324e-18,0.3660434719760185
1979-11-01,-1.6005232423462615e-17,0.2623128983008439,2.2170169351889585e-17,0.25187638980722515,0.1167614663495357,-1.28142607440887e-18,-2.2014824902748263e-17,0.36904924554239527
1979-12-01,2.687710634259316e-18,0.34694678432167325,-1.7839670271587176e-17,0.2701849409972751,0.08435494827933948,-1.006371852504699e-18,-1.6088352260422762e-18,0.2985133264017122
1980-01-01,1.6104835625859156e-17,0.3484518032286259,1.496172805035667e-17,0.29409472691882743,0.019181547113772082,-2.220474709626244e-17,5.074930106605079e-17,0.3382719227387745
1980-02-01,-6.400346108044599e-18,0.33409542902786016,1.7354171237936168e-17,0.28778203657746315,0.039089604494710065,-1.2056712430658583e-17,-5.957227679222563e-18,0.3390329298999668
1980-03-01,1.0548803662627066e-18,0.361270539785267,-6.062682155023054e-19,0.321426190641683,0.0019148309234495618,-1.9388080482100266e-18,7.524438507517449e-17,0.3153884386496004
1980-04-01,-4.353313952054149e-18,0.2676066312354046,-1.2312383414191397e-17,0.1275035993122482,0.21098797905158467,-3.341893140416612e-18,3.114298466786312e-17,0.3939017904007625
1980-05-01,4.761900405153097e-19,0.24892727039951876,3.1129112670974224e-17,0.1498481969144891,0.20184651786680458,1.176701601057291e-17,-7.171208023458831e-19,0.39937801481918755
1980-06-01,-4.9691134489431076e-18,0.28314900332248477,8.454163688235086e-18,0.1816122696453414,0.1770912469211132,6.644675691658902e-18,2.4214134845176738e-18,0.3581474801110607
1980-07-01,-1.0843259650712399e-17,0.2806406265405009,3.869733815103249e-18,0.19226475823602934,0.17340954160076733,1.4448251547872241e-18,5.492462989124363e-18,0.3536850736227024
1980-08-01,-1.8807450271382062e-17,0.23699000977678603,-1.6544758117736856e-17,0.11096350446600664,0.2823336125403155,-2.836930097037913e-18,5.148865528742922e-17,0.3697128732168918
1980-09-01,-3.0820733170287572e-18,0.17073017536161125,5.582411083613871e-18,0.12139406471448386,0.2832041369670304,1.8743560186366537e-18,-1.4249424722952324e-17,0.4246716229568745
1980-10-01,2.1255915841302937e-18,0.1483702536081004,1.5119895654414152e-17,0.1124873818127732,0.34887708694665626,3.8444958699813957e-19,2.6530608319941394e-18,0.3902652776324702
1980-11-01,-6.530156483758917e-18,0.11141082403106409,2.445218512479865e-18,0.09334081552204837,0.345983368390125,0.01255889207845258,-8.032660508146741e-18,0.43670609997831006
1980-12-01,-7.076658732210023e-19,0.10241368449052884,-1.772715368392344e-17,0.08978834335385663,0.43445965322568153,0.016065025801946797,5.1834975884528976e-17,0.3572732931279862
1981-01-01,1.5154509110137173e-17,0.05606556920725711,-1.4746191291346802e-17,0.08109658678396472,0.40911699740975704,0.013504580033050552,-2.289923456660405e-17,0.4402162665659706
1981-02-01,-1.000691019091092e-18,0.028479792480530217,7.373032660475835e-18,0.09207976455616389,0.36551746747680475,0.04863413616811767,-6.601649633041609e-18,0.46528883931838355
1981-03-01,-3.1340390170541234e-18,0.028561325071090472,-1.1789580658012103e-17,0.05913130333283835,0.4148227978525178,0.053201194226500374,7.253314354852194e-17,0.4442833795170531
1981-04-01,1.3078870996406086e-17,0.0295651799834128,-1.6257601823077818e-18,0.0717990221403662,0.3923263445140705,0.07024343109639078,2.1870513001888794e-17,0.4360660222657597
1981-05-01,-5.448092168055558e-18,0.02231624211698818,-1.0218197808251183e-17,0.07043963570152201,0.3726661137093659,0.0670750576796839,-3.051877418645067e-18,0.46750295079243986
1981-06-01,2.9530721356915297e-18,0.015513430084954002,1.0519579905663289e-17,0.09863757202921798,0.35272760949926074,0.036442606694841326,-1.0985000666024879e-17,0.49667878169172597
1981-07-01,-1.641970074561061e-17,0.022620855957354725,3.523513865728887e-17,0.10634584763372817,0.3208894168637823,0.05215502149595807,-1.2803146253521802e-18,0.4979888580491768
1981-08-01,2.9125163316984527e-18,-2.3413899831138186e-17,7.761764381386829e-18,0.011746036314540055,0.44561978979631206,0.07927099252444046,1.289054723836003e-17,0.46336318136470744
1981-09-01,-7.550728772795783e-18,0.004209502719036763,-5.118373794497159e-18,0.03738599478575348,0.3985559217673032,0.04406224898613209,-6.919786180255361e-17,0.5157863317417746
1981-10-01,-5.646103941118199e-18,0.03839221497541356,2.1846096553267117e-17,7.969367271612089e-19,0.4680906173560493,8.927080427170205e-19,-4.16375445818336e-17,0.4935171676685372
1981-11-01,-2.858015703518778e-18,0.04393835639981834,-1.0025911137288695e-17,1.5702105001491515e-18,0.468261991724957,-2.8497514541892262e-18,-2.870477496736811e-18,0.4877996518752247
1981-12-01,4.18051478024451e-18,0.03802993666690757,-1.0739210323058031e-17,-5.786157232846552e-18,0.4578117398400388,-4.079569677402038e-18,1.241309153082996e-17,0.5041583234930538
1982-01-01,5.207942882318837e-18,0.022719221868780993,-3.944221625178113e-18,4.813956798503492e-19,0.45413041323910125,4.780205118828262e-18,2.9476041996575543e-18,0.5231503648921179
1982-02-01,1.4608755765233798e-18,0.029682026712048153,9.143478977382346e-18,1.0592929614858914e-17,0.4665644872551996,-1.4604642648681923e-17,6.8824374493065755e-18,0.5037534860327523
1982-03-01,-2.488216609740261e-18,0.05550228237693187,-2.6973143938950803e-18,-8.542682531241083e-18,0.48614000402616264,0.010530874286087838,2.3804904696360863e-17,0.4478268393108177
1982-04-01,0.006182563698974249,0.06207121565685017,-1.274138879805032e-17,-1.9215418492446732e-18,0.48600047587415646,0.036130451901486886,-2.4035006573941827e-18,0.40961529286853227
1982-05-01,0.022752970788665755,0.09490925070121488,7.948557177034354e-18,1.5178830414797062e-18,0.47688699986418215,0.017571761178246024,-1.1844908734404136e-17,0.3878790174676912
1982-06-01,2.6333228856684654e-18,0.07436717310912704,-3.765716561998138e-18,1.4106766894924272e-18,0.4537698164705674,0.09052894523599404,1.179242916601316e-17,0.38133406518431157
1982-07-01,4.693513979514028e-18,0.07098707824291026,-1.0013203601877615e-17,1.644502965054859e-17,0.49349225457029683,0.07579852604710711,5.0366880866183634e-18,0.3597221411396858
1982-08-01,5.4708291729186185e-18,0.06777825404238202,-7.626639500773788e-17,2.3660253918828704e-17,0.4787114248324055,0.10230502066444044,2.1281937401255295e-17,0.3512053004607722
1982-09-01,8.809025211779748e-19,0.06316296472513262,-2.0558103809143248e-17,-1.8720363905529457e-17,0.4826564937940607,0.11652243303280087,-1.91769323268066e-17,0.33765810844800564
1982-10-01,-6.858165776925815e-18,0.043219685729193304,1.2202673693667088e-17,7.068318730258057e-18,0.47434071730449856,0.17597033187613,1.6364627932715103e-18,0.30646926509017824
1982-11-01,1.0726637320355264e-17,0.0439422628008686,-4.962116989713916e-17,-2.0527578999648915e-18,0.41714009269309604,0.2393236124820762,2.9669596693270466e-17,0.29959403202395923
1982-12-01,-1.775597229644045e-17,0.03612344134072609,2.3469415375114592e-18,1.003440483505449e-17,0.42909053622808585,0.21818331050693612,-5.791456576459313e-18,0.3166027119242519
1983-01-01,-2.6691297675493904e-17,0.03529645058867799,-1.131504290692716e-18,-5.543275882363062e-20,0.40361388135702175,0.2248727463466015,-4.6339626904727334e-17,0.33621692170769885
1983-02-01,3.7283755911271855e-18,0.03483426968570804,1.101556126966622e-17,1.509832819133166e-19,0.47543180869463214,0.1624612862212986,3.473210066806463e-18,0.3272726353983612
1983-03-01,0.004456367128850261,0.05616936226376427,2.8189256484623115e-18,-1.172980628405868e-18,0.4920452047925314,0.14518505370128687,-5.752468941319887e-18,0.3021440121135673
1983-04-01,0.006361815599807375,0.055208425001391934,1.2956215961201778e-17,-3.0913314442992945e-17,0.49296344982679147,0.13615065579032032,-5.285485590866834e-18,0.30931565378168896
1983-05-01,0.006828814826549979,0.043009518935149135,4.0770025091954425e-17,2.2932040618370893e-17,0.5036910532792054,0.13313899406238988,-4.711927700018738e-18,0.3133316188967054
1983-06-01,0.0031272266185849024,0.0187833224831249,-1.7367718109412223e-18,-5.301263837762962e-18,0.5251440514232429,0.12732661588186917,3.9136266327625805e-17,0.32561878359317803
1983-07-01,0.0026222361398491154,0.027691042784395267,-3.9367704207950328e-19,2.3360063771372732e-17,0.5232559132912639,0.12452345913886048,-1.2297915816895793e-17,0.32190734864563114
1983-08-01,0.016874471994223282,0.02374280817339664,2.7291401560533557e-18,-8.123892997115995e-18,0.5175083112796158,0.11336128954059099,-2.7147405959500326e-18,0.3285131190121733
1983-09-01,0.0050433838071182995,0.008818041617787202,-1.0323637561135413e-17,6.4408385309217e-18,0.5572028553719286,0.09241277992686399,-7.548757625930325e-18,0.33652293927630195
1983-10-01,0.009499546843932553,0.013899976415544798,-5.341747175574522e-19,3.4393782330273994e-18,0.5742308725400292,0.05391193873912283,-3.0175342427501913e-18,0.3484576654613705
1983-11-01,0.009193164928367947,0.012084008667363536,5.921466757223301e-19,-2.573498685173307e-18,0.6113983952327666,0.04190796390545003,-1.499553093245253e-17,0.32541646726605183
1983-12-01,0.010661997757458814,0.005663319183611137,6.336479038432828e-19,7.68767102928003e-18,0.5918884110164815,0.06492850272884385,-2.275785418486847e-18,0.3268577693136048
1984-01-01,0.009955475430383833,-1.7618285302889447e-18,2.0970841708121968e-17,6.314630621780809e-18,0.5965525031424778,0.04752035207902847,2.220132897561857e-17,0.34597166934810974
1984-02-01,0.01197831629688927,7.558922021297376e-18,6.129130406332117e-18,-2.236166980751353e-19,0.6005649713971374,0.06198032548448154,-3.3745792618611326e-18,0.3254763868214918
1984-03-01,0.0023344063399389696,2.5112465756443766e-18,-6.833912777840314e-18,-9.736092676887603e-18,0.5775763328431155,0.1169439748685478,9.636731787993971e-18,0.3031452859483978
1984-04-01,0.002135533321543678,8.597971367663117e-19,4.618838792984271e-18,1.5026278623191835e-18,0.5808508767023618,0.11872655430301199,-3.68830031077162e-18,0.2982870356730826
1984-05-01,7.110277623161669e-18,1.3718748383888567e-17,2.1682510118129073e-19,1.8240726483141197e-17,0.5983800796275429,0.11511778704312808,-1.6098046778920353e-17,0.28650213332932895
1984-06-01,0.006186053364950113,0.004845375751952043,-2.761327408049019e-19,-1.5382118322138094e-17,0.6540834588732831,0.0874852255458931,1.3864235280658388e-17,0.2473998864639217
1984-07-01,0.009199256075372649,0.0025144526987979933,-3.3997239300981195e-18,-1.2180343157786071e-18,0.6801583043884988,0.08377472777571768,7.196009225314286e-18,0.22435325906161296
1984-08-01,0.009922855100652548,-2.1738253558334364e-17,9.205554070759736e-18,-1.6290137641594704e-17,0.7187189063067894,0.06191402108898455,-6.6147980764081e-20,0.20944421750357373
1984-09-01,0.007291764360451923,5.143184055728112e-18,-6.253610111680111e-18,1.2292984999064753e-18,0.715320305098297,0.061476391230620715,-4.579314880888202e-19,0.21591153931063028
1984-10-01,-4.906538933386799e-18,-2.3254604645494542e-17,1.6603865853398327e-18,-8.287921587966069e-19,0.7310964706994981,0.051919430335496855,-3.837000297225732e-18,0.21698409896500506
1984-11-01,9.852336693959378e-18,1.0043197979694696e-17,-3.965220098866415e-17,-8.050522293583011e-18,0.7723291596623901,0.04584382351554369,7.577633627509243e-18,0.18182701682206615
1984-12-01,-1.5102940337685243e-17,8.412613842564946e-18,2.2712308209622577e-18,-2.244606571853941e-17,0.7371907726442972,0.043339794178294394,8.160756802000102e-18,0.21946943317740847
1985-01-01,0.08700078394659819,2.9341221292888964e-18,-1.2393786084224923e-17,1.671704224701087e-17,0.7300587907532246,-2.236166980751353e-18,-5.2028151752148144e-17,0.18294042530017732
1985-02-01,0.08711578095512386,-1.0110185258427329e-17,3.3759345145767394e-17,2.5438093471941148e-17,0.7253599424173591,9.107298248878237e-18,2.4428430198814022e-17,0.18752427662751692
1985-03-01,0.05786889748981616,2.5539737425611664e-17,1.3484764520288461e-18,1.5856456772600502e-18,0.7342947139079686,2.439454888092385e-19,4.0318768289304696e-18,0.20783638860221512
1985-04-01,0.06653486810861517,4.391018798566293e-18,-7.318364664277155e-18,6.288372600415926e-18,0.7057205358810739,-1.1600963245594897e-17,-1.0842021724855044e-19,0.227744596010311
1985-05-01,0.08930028825863748,1.1926223897340549e-17,9.75781955236954e-18,-1.7889335846010823e-17,0.6918911815746552,8.890457814381136e-18,2.1467203015212988e-17,0.2188085301667074
1985-06-01,0.07443622283973167,-4.607859233063394e-18,5.538917848685321e-17,1.1655173354219173e-17,0.7055867304932566,-7.345469718589293e-18,7.562310153086393e-18,0.21997704666701157
1985-07-01,0.08518146117498647,-2.8731357570865868e-18,1.3010426069826053e-17,1.713039432527097e-17,0.694115059526196,9.703609443745265e-18,2.7321894746634712e-17,0.22070347929881748
1985-08-01,0.09498694954234196,1.6195269951502222e-17,-1.0570971181733668e-17,-5.651403824080692e-18,0.6790723966355128,3.537209587733958e-18,1.9488534050426942e-17,0.2259406538221453
1985-09-01,0.10174671554418246,-3.526367566009103e-17,3.447762908503904e-17,3.40168431617327e-18,0.6680634244304492,1.531435568635775e-17,7.237049501340742e-18,0.2301898600253683
1985-10-01,0.097663220813161,3.3203691532368573e-18,1.4690939437178585e-17,6.579751934271405e-17,0.6594240169200944,3.0357660829594124e-18,1.3118846287074604e-17,0.24291276226674438
1985-11-01,0.11779441229847212,0.0023513192326938505,3.838753316956489e-18,-9.832358451727918e-18,0.6292263645226576,0.009017800724314868,1.3455965400081815e-17,0.24161010322186147
1985-12-01,0.1259774101350454,-6.2680438096818225e-18,3.162482211868656e-17,-3.327145416814892e-17,0.6169635682725854,-5.319366908757006e-18,-8.660064852727967e-18,0.2570590215923692
1986-01-01,0.13282674359596308,-2.778268066994105e-18,5.231275482242559e-18,7.453889935837843e-19,0.6183249303746294,-2.710505431213761e-18,-2.1412992906588713e-17,0.2488483260294075
1986-02-01,0.1345476871383624,-2.1196152472091612e-17,1.5178830414797062e-17,3.2932640989247197e-18,0.6137639340903952,7.237049501340742e-18,4.3503612170980865e-17,0.25168837877124234
1986-03-01,0.11635658439561933,5.328853677766254e-17,-4.594306705907325e-18,3.5683804001929165e-17,0.6252293551457319,-1.6859343782149594e-17,-4.0115480381963664e-18,0.25841406045864884
1986-04-01,0.12821234488600092,0.06989709580732247,-5.332919435913075e-18,-1.8302687924270922e-17,0.6070116797026647,-1.5246593050577406e-17,7.54198136235229e-18,0.19487887960401198
1986-05-01,0.1308212873494616,0.09104573799804615,-3.9302328752599536e-18,-4.997494388800372e-18,0.591476965751176,1.9651164376299768e-19,9.64939933512099e-18,0.18665600890131617
1986-06-01,0.12359405283790101,0.03481973348994318,8.830106716889267e-18,-2.775303451678715e-18,0.6372691640740037,-5.952524036829596e-19,5.8843378845756245e-18,0.20431704959815208
1986-07-01,0.10833019938010703,0.030652289808887137,3.74049749507499e-18,6.805062698241049e-18,0.6343453917338004,-1.2265037076242269e-18,1.5366871729087517e-17,0.22667211907720544
1986-08-01,0.11854014334357248,0.02278898423757299,5.014435047745458e-18,-3.943785402416022e-18,0.5776428969078921,-3.63207727782644e-18,-7.860465750519907e-19,0.2810279755109624
1986-09-01,0.11258593426919809,0.01853092374571992,1.99527081055223e-17,7.359022245745361e-18,0.5853580563498867,-9.56469604039556e-18,1.7235426410730503e-17,0.28352508563519524
1986-10-01,0.08968607489117603,0.004970637971439917,0.018427129662798494,-2.717959321149599e-17,0.5608776882871445,-1.2620790914089075e-17,2.205673794650198e-18,0.3260384691874412
1986-11-01,0.08221483413755964,0.028227280570588133,0.024117214868408423,3.280728011305356e-17,0.5966588819281963,5.244828009398628e-18,-1.2485265642528387e-17,0.26878178849524764
1986-12-01,0.08492120181941872,0.01997252429331813,0.06033890070609531,-1.7757198706239152e-17,0.5503727828606494,-5.597193715456417e-18,5.963111948670274e-19,0.28439459032051856
1987-01-01,0.09062550545569623,0.0287506891433044,0.063008116436789,9.208942202548753e-18,0.5398474771396111,-7.54198136235229e-18,-1.009663273127126e-18,0.2777682118245992
1987-02-01,0.0551316692240137,0.07122368073961648,0.12366856894421166,3.213304188703914e-17,0.5208904376493146,-1.0286368111456223e-17,-1.8512752095189988e-17,0.22908564344284346
1987-03-01,0.035523010454657354,0.09831678976929717,0.07818303999912571,3.1821333762449555e-17,0.5309727468308235,7.054090384733813e-18,5.356636358436195e-18,0.25700441294609633
1987-04-01,0.03560833160625554,0.09497994808094444,0.07935084360040778,2.0511749850710137e-17,0.5296162526215514,-2.8866882842426556e-18,-2.642742795433417e-19,0.2604446240908408
1987-05-01,0.027080617631756846,0.04455536802048571,0.16279189039477754,-2.1121613572733233e-17,0.5011326144778165,-4.5333203337050154e-18,0.014642161530574474,0.24979734794458902
1987-06-01,-1.3134516509876935e-18,0.04703126146984242,0.11401339834128447,-7.726789544717769e-18,0.4675757803044322,0.0006262524137954175,0.14977784149853576,0.22097546597210974
1987-07-01,0.006277158212968086,0.052141929970083704,0.1049027132415068,4.354362304168847e-17,0.48244119636764127,0.031135542955539476,0.14943663493467574,0.17366482431758495
1987-08-01,0.038763183462484245,0.052007845912434944,0.16345477201358274,-2.6274962023828397e-18,0.45585802496646205,0.05032561001367919,0.06533578142368601,0.17425478220767088
1987-09-01,0.01203025117372155,0.054499790989253886,0.1895424749111059,2.071276631196897e-17,0.5049440769303115,0.004719449251709615,0.05565261820215668,0.17861133854174086
1987-10-01,0.04410538590194494,0.04955802639573269,0.1192191599137173,-1.4611779668790073e-18,0.48020594629818303,0.12022677360063971,1.821030332556014e-18,0.18668470788978242
1987-11-01,0.10002065973126695,2.6395240702338507e-17,0.10856035471919581,1.3373379687724521e-17,0.38638878388479025,0.04172121801137161,-5.3261431723350405e-18,0.3633089836533754
1987-12-01,0.12020052351713476,-3.1496073110703904e-17,0.08640845597319813,-1.43589025218549e-17,0.35762883958933067,0.04627182397865081,7.420008617947671e-18,0.3894903569416858
1988-01-01,0.12195806302164282,-3.8285889215894375e-19,0.06639523051059383,-6.717310084905503e-17,0.36527018732979255,0.07196486200203353,1.831624045142699e-17,0.3744116571359373
1988-02-01,0.09584632660978555,-6.817132917739423e-18,0.08397962428160431,8.890140177025916e-18,0.4116528627585795,0.014639221556925859,1.1670631705506564e-17,0.39388196479310483
1988-03-01,0.06872133289326779,-6.393404685875459e-18,0.04136229453436286,-1.5194924040794894e-17,0.4130342052503667,0.03102220734486682,-2.9993436662274775e-18,0.4458599599771359
1988-04-01,0.08327649777332861,2.9070170749767588e-18,0.0037424400677128736,2.3174821436877657e-18,0.3819728258963211,0.039612470679332254,-1.1648397090641138e-17,0.4913957655833052
1988-05-01,0.0809526442254062,2.6020852139652106e-18,1.0313473165768361e-17,0.02079697245437036,0.36388869257975787,0.049328874557109284,5.243133943504119e-18,0.48503281618335614
1988-06-01,0.08046332502644123,4.953448675543148e-18,0.023225697264050063,-9.202165938970719e-18,0.42989248065224367,4.573977915173222e-18,-5.454892180317694e-18,0.466418497057265
1988-07-01,0.12999275018654222,-2.2619167823478836e-17,0.020165044855079053,0.18142184944911516,0.24082720987615008,2.5549901820978715e-17,-1.3654171109739321e-18,0.42759314563311357
1988-08-01,0.12051648176940047,2.879912020664621e-19,-8.111611019380807e-18,0.12810665395291096,0.2951837973484202,-3.1169965426011e-17,-2.938357294025168e-18,0.4561930669292685
1988-09-01,0.12973368368696325,9.791700870259712e-19,0.07923766134723068,0.032655766583067805,0.33853726475124174,2.134523027080837e-18,8.43814222054734e-18,0.41983562363149657
1988-10-01,0.1443621360433581,-1.104365527097097e-17,0.06563109551680943,0.08461510965556536,0.26063119354136677,-1.1670466269384053e-17,-8.619023459455536e-19,0.4447604652429004
1988-11-01,0.15425282352223463,1.497554250745603e-18,0.0855114379016923,0.05361783378000566,0.2536828366190859,3.274629374085125e-18,-3.784543208332214e-18,0.45293506817698154
1988-12-01,0.14915159026465294,-4.200436385434075e-18,0.09425309967542336,0.06268960779218026,0.22939915438258632,-1.6368911705689354e-18,2.6584129049576216e-18,0.46450654788515716
1989-01-01,0.1537804415103937,2.363221922839498e-19,0.06279109293599383,0.05342081846988798,0.2743508220003525,1.4391089773850563e-18,1.094366567852556e-18,0.455656825083372
1989-02-01,0.10368700506230766,7.291259609965017e-18,0.047648503459035214,0.10958845473408335,0.25034920015110035,-6.957528628746823e-18,1.9532579763684166e-18,0.4887268365934736
1989-03-01,0.07499829232849223,-3.2883936594780075e-18,0.11277917220768538,0.07561173455288075,0.22708942425483722,2.411079284359366e-18,3.539750686575721e-18,0.5095213766561044
1989-04-01,0.07314691680070827,-4.380854403199241e-18,0.1179038103535294,0.06751914575079422,0.25411762618509326,-1.6879672572883697e-17,-8.670229248095018e-18,0.4873125009098749
1989-05-01,0.09982117449975036,-1.3882870005497983e-18,0.09939082646274228,0.013225843394025313,0.3133040659909882,-1.1515412917922213e-18,-5.670885581867541e-19,0.4742580896524939
1989-06-01,0.09313858797164982,-1.9336068119921168e-17,0.11600288557719118,-1.4901850641044906e-17,0.34343246424921187,2.5705755883273507e-17,3.3178280543950944e-18,0.447426062201947
1989-07-01,0.11083626902465328,-3.2526065174565133e-18,0.1696555753484476,4.675621868843738e-18,0.30364766199231197,-3.713392440762853e-18,5.421010862427522e-19,0.4158604936345872
1989-08-01,0.10335232080246608,-7.936698715772794e-18,0.1461006404283985,8.868858474226152e-17,0.3228348641074772,1.2620790914089075e-19,-1.770129453172037e-17,0.4277121746616582
1989-09-01,0.11067665717867475,1.3484764520288461e-18,0.16193713393873932,6.444226662710717e-18,0.33786094492531377,3.211948935988307e-18,2.6861108823328372e-17,0.3895252639572721
1989-10-01,0.12367585323133069,5.271933063710765e-18,0.14575791104569957,-3.691369584134241e-18,0.3408917874595036,-2.1023357750851734e-18,1.4602848010664138e-17,0.3896744482634662
1989-11-01,0.13444737664752265,-1.6483261153568685e-18,0.10144604172653005,2.507217523872729e-18,0.3649494502054822,1.0164395367051604e-20,-2.0974229839910985e-17,0.39915713142046516
1989-12-01,0.1386801060641714,-1.3508481442811582e-17,0.09509660970759955,5.6446275605026575e-18,0.36366663343138045,8.768485069976517e-18,-7.802867510106615e-18,0.40255665079684877
1990-01-01,0.1666211802350723,1.751664134921893e-18,0.07239777923181609,8.626183534837795e-18,0.37820646800210717,-1.8770250111155296e-18,-8.944667923005412e-19,0.3827745725310044
1990-02-01,0.13105493580629546,2.158578762782859e-17,0.1720698445537413,1.0462550964485118e-17,0.33220611391749705,6.393404685875459e-18,4.868745380817718e-18,0.364669105722466
1990-03-01,0.11937991102637867,6.139294801699169e-18,0.15553204864635486,-2.4557179206796675e-17,0.40378439786409126,-7.850301355152856e-18,1.3948938575383818e-17,0.32130364246317533
1990-04-01,0.19852457287146752,0.11794073068198649,0.0026845410656872746,3.7947076036992655e-18,0.4932445278266587,8.040036735337819e-18,-3.3881317890172014e-21,0.18760562755419993
1990-05-01,0.21702889274555132,0.09659212114590202,0.021375908136929734,-8.575361558002537e-18,0.456102708493496,3.630383211931931e-17,1.8102788148718907e-17,0.20890036947812096
1990-06-01,0.2024346015611849,0.10065428162818231,2.8189256484623115e-17,4.018324301774401e-17,0.4495578275352629,2.1141942363467336e-18,-9.351243737687476e-19,0.24735328927536973
1990-07-01,0.20325006239277474,0.1163411726673989,0.02253530088676237,-4.041617707823894e-18,0.42787702862451915,5.437528004898981e-18,3.9442089188896495e-18,0.22999643542854484
1990-08-01,0.18245149881108275,0.1669761862582069,0.034363298521662894,2.371692252312041e-20,0.3735810370395491,5.867291346512132e-19,3.3203691532368573e-19,0.24262797936949845
1990-09-01,0.15122628001920052,0.13140558173641242,0.054211472746579614,0.07167510681932136,0.3464032586106272,-4.476833824034994e-18,-2.006144596012607e-19,0.2450783000678589
1990-10-01,0.21434513021506169,0.023941786131890196,0.1318737247382793,0.04482766939371937,0.41198234281415186,1.2265037076242269e-18,0.0005220667828391923,0.17250727992405834
1990-11-01,0.2113579109547086,0.03691755035071957,0.10288035948523859,0.056096428381975615,0.3878089715813051,6.979551485375435e-19,0.010862525162617324,0.19407625408343523
1990-12-01,0.17332682634961677,0.047954355048403584,0.10713974632109238,-2.795208725939191e-19,0.4589097204125647,0.012228659090513362,0.029806652645927106,0.1706340401318821
1991-01-01,0.16803158770744647,0.044423093604857494,0.11231537379171107,0.03564549635182474,0.4444808689954234,0.005203767626578444,0.0106192816635273,0.17928053025863117
1991-02-01,0.129581083251872,0.028413815884352173,0.16714058272578736,-1.7618285302889447e-19,0.4480806447769977,0.01702024556709057,0.027185212485997347,0.1825784153079028
1991-03-01,0.11911359545544002,-7.851995421047364e-19,0.2283001794385191,0.021917579519673283,0.3643185144933064,0.05365636001778105,0.05083114234688167,0.16186262872839854
1991-04-01,0.11693805371550407,-6.471331717022855e-19,0.22052222065741348,0.035517453621388306,0.439494778999273,-3.274629374085125e-18,0.014650601996981353,0.17287689100943993
1991-05-01,0.09894589816441411,-8.768485069976517e-18,0.19841000179979854,0.013009832487747383,0.4870099942717781,2.0369448315571415e-17,0.00699633245731216,0.1956279408189497
1991-06-01,0.1159586237751239,-4.828087799349512e-19,0.18204430304893285,0.038405756530444805,0.47788268314702526,4.679010000632755e-18,-9.147955830346444e-20,0.18570863349847325
1991-07-01,0.08496769668992205,-9.75781955236954e-19,0.14219181793453473,0.08811648625861565,0.47830299091367723,3.74049749507499e-18,0.011171371055979614,0.1952496371472708
1991-08-01,0.06427216318060265,0.010060163257814028,0.10785975199853216,0.06268463169526509,0.5235319227429145,-1.219049817688389e-17,0.029545176427168963,0.20204619069770263
1991-09-01,0.034224751275385636,0.006170921438948639,0.07581310161621901,0.04195998826596658,0.570705724721466,1.6530694998614925e-17,0.06774510058629066,0.20338041209572355
1991-10-01,-1.0943245582752023e-18,1.9032994643322774e-18,0.05346641367689594,0.08238736220160402,0.5410827633550238,1.0398643562442768e-17,0.12252780604308716,0.20053565472338916
1991-11-01,8.305782233080272e-19,-6.66424029003131e-19,0.0265746349778403,0.14121062713763619,0.5103645595359977,1.118332438284402e-17,0.11087570866898545,0.21097446967954037
1991-12-01,0.02772801292633874,-2.556387786460841e-17,0.03252422100415531,0.15692998142258846,0.5094819828279451,1.5976735451110613e-17,0.08205645047214004,0.19127935134683235
1992-01-01,0.03394504402352134,-9.659563730488041e-18,0.020743967155168075,0.15219944260335094,0.5227619475056404,-3.4382363210339944e-18,0.07769175745130012,0.19265784126101926
1992-02-01,0.029010468220332652,7.467442462993912e-18,0.08037245225356847,0.2802069241043174,0.38968335225214507,1.9353008778866254e-17,0.051877989815077415,0.16884881335455892
1992-03-01,-2.6356261726736947e-18,-5.476105852531848e-18,0.1024572590202977,0.2805674566511123,0.3839591804164698,6.649080703696346e-18,0.08319711869008614,0.14981898522203405
1992-04-01,-9.631925765311146e-18,7.533337883098015e-18,0.12766703147021982,0.2269838311644783,0.43533505179148696,1.3274186313860185e-18,0.0991799208217162,0.11083416475209878
1992-05-01,9.851251119107054e-19,1.161102639293755e-17,0.11337122357145492,0.18891424329935674,0.4872978372418778,-2.645385038840261e-17,0.09991306218788298,0.1105036336994276
1992-06-01,-4.5626928143060995e-18,4.479858773744997e-18,0.17377293346035325,0.2180929133829609,0.376585240651528,1.0604989821552664e-18,0.13965727514304108,0.09189163736211677
1992-07-01,6.461235584076257e-19,1.7294728717600742e-18,0.2100667058203489,0.2534440304822305,0.33094901592220144,1.6710886088236326e-17,0.13560262183967275,0.06993762593554649
1992-08-01,-7.942467982652418e-20,-3.81183960700722e-19,0.24733248215172898,0.24735963548310316,0.40888721442885884,0.00657732607559893,0.04630785353842417,0.043535488322285903
1992-09-01,-7.914058719463844e-18,3.825102414647049e-18,0.2669312134898275,0.23048115337554875,0.40192195899327665,-1.0669089300984904e-17,0.027877430871039003,0.07278824327030807
1992-10-01,-7.703539548962136e-20,-5.2831974507415824e-18,0.2705224162677201,-8.955643300477787e-18,0.6208031678045626,0.003236611530791423,0.03766563910242699,0.06777216529449898
1992-11-01,0.014698264237175346,-1.1682002692519556e-17,0.1951365371393278,0.031503479969070027,0.6476461060280627,2.3239839532657353e-17,0.019006134216165132,0.092009478410199
1992-12-01,0.02883639696204603,1.0409204267023407e-17,0.15711294617798524,-5.421010862427522e-20,0.7121412946700917,1.5371740756305076e-17,0.006508865580396643,0.09540049660948048
1993-01-01,0.011899725520840279,2.392107212317826e-18,0.169271661723759,-1.60529684163635e-17,0.7242283657736535,1.1861849393349222e-17,0.012845437751026999,0.08175480923072023
1993-02-01,0.04216206566777711,1.0347573601189104e-17,0.10900429013749888,-5.4277871260055566e-17,0.7527616874163439,-6.4361215446081616e-18,0.001829085969564971,0.09424287080881537
1993-03-01,0.07349287777740664,1.8187491443444337e-17,0.12935657992535507,2.2158381900172497e-18,0.7056942998596909,-5.0145197510401834e-17,0.009445067564650272,0.08201117487289714
1993-04-01,0.042983475672842414,1.7096969862324075e-18,0.14573152991817342,2.0657439517637877e-17,0.7042209896613104,3.475969105647472e-17,0.01499883338624903,0.09206517136142456
1993-05-01,0.06414951623353181,1.0213428392422204e-17,0.15276604591584,-1.2766480581016815e-17,0.6977395955378719,6.6542908336297835e-18,-7.548757625930325e-18,0.08534484231275623
1993-06-01,0.09287196574094324,-6.776263578034403e-19,0.20240539810261457,8.72782748850831e-18,0.6377718347404281,-5.3939058081153846e-18,8.592302216947623e-18,0.06695080141601402
1993-07-01,0.07962034035500934,2.2700906502888876e-17,0.1957173495876893,-6.63099742758029e-18,0.634470428312679,2.4775713707188285e-18,0.010317752456073028,0.07987412928854945
1993-08-01,0.09131511195316337,3.876022766635678e-18,0.16434330065704666,-1.0570971181733668e-17,0.6318133447024009,9.703609443745265e-18,0.019847183933950744,0.09268105875343834
1993-09-01,0.11987411715626625,-9.75781955236954e-19,0.16682124478733965,-3.9329433806911673e-17,0.6244900063602549,-2.981555974335137e-19,0.0118299551912636,0.07698467650487568
1993-10-01,0.09667770955650927,-1.0740377771184528e-18,0.18034638123372299,1.0706496453294356e-17,0.6040931422702163,-1.6195269951502222e-18,0.04133248716683558,0.07755027977271584
1993-11-01,-5.934064008467387e-20,6.669017344158031e-18,0.20125194764533724,0.07710740530297985,0.6734519404180274,3.368795942391504e-18,0.048188706633655626,-2.8748148132268545e-18
1993-12-01,-9.88693220675935e-18,0.023194142398182526,0.20738833521346028,-1.7155881797730057e-17,0.7694175223883573,1.5978730330151084e-18,-2.776636669060295e-18,-7.124559995626348e-18
1994-01-01,8.478245409876811e-18,0.022898390398977744,0.22818660609842148,-5.0137374908021445e-18,0.7489150035026009,3.564673284495086e-18,-7.132348976652176e-18,5.087661888850567e-18
1994-02-01,1.0171993014264862e-17,0.012577001352357663,0.25277959677100986,0.017335651460806817,0.6688074737120914,-6.87485203047718e-18,0.048500276703734205,6.9646800701416e-18
1994-03-01,6.5122212780815746e-18,0.05117918680978792,0.1939092673917013,1.145672882055724e-17,0.7270558813432091,-8.66405515558939e-18,0.02785566445530173,-1.7617842073527124e-17
1994-04-01,0.005346383998146532,0.04888494431330963,0.20894348305737448,1.0291450309139749e-19,0.6967655054725824,-6.913383858815318e-19,0.04005968315858702,-3.0043087913939848e-18
1994-05-01,0.018334492607585393,0.08035461866697942,0.20468206907196876,-5.534767387243775e-17,0.6966288196534666,-7.590550904632902e-18,-1.136718215215271e-17,-9.487077193558443e-18
1994-06-01,0.024975736574080625,0.04698010677976918,0.23115947985648502,3.5914196963582334e-18,0.6968846767896651,7.481218042101538e-18,1.7414997395548415e-17,-8.676540847037407e-18
1994-07-01,0.011507244795407729,0.05827204685422109,0.2485894882612621,6.749158523722265e-18,0.6816312200891091,2.38868669883461e-17,-4.323256162785949e-18,1.0919710759160761e-17
1994-08-01,0.0043692755691353315,0.0665463714679423,0.25385274190188983,-8.009913433483237e-17,0.6752316110610327,5.985700615762867e-19,3.1075316024934332e-18,-2.2870774178917515e-17
1994-09-01,2.5924205051362504e-17,0.06330451247059066,0.24311506683814824,1.0022428563426927e-17,0.693580420691261,8.726334533180416e-18,2.622850240133307e-18,5.217408305520737e-18
1994-10-01,0.009850774991046547,0.041694616450504894,0.244876174969921,3.63207727782644e-17,0.7035784335885275,-6.401704666586627e-18,7.860465750519907e-19,8.7778985311663e-18
1994-11-01,0.001712841148732854,0.0518793177194866,0.2420052435064431,6.3228976728394545e-18,0.7044025976253375,1.2415739569898863e-17,-2.0523318009188766e-18,-4.051272110589175e-18
1994-12-01,-7.517963871100373e-18,0.04179260292924643,0.2250426441783639,1.128924862654102e-17,0.7331647528923897,1.7764577615232148e-19,1.9133910401028098e-17,5.145382686614562e-18
1995-01-01,1.1448616763507346e-17,0.03426107437685369,0.24196777350623644,4.6504674057884523e-17,0.7237711521169098,7.070146157652952e-18,4.657538261849415e-17,1.3114618774098044e-17
1995-02-01,0.010060297253947395,0.0337321658743345,0.24109708116880108,-4.323256162785949e-17,0.7151104557029169,-3.571935908892574e-18,4.309280119156253e-18,1.3761254216470922e-17
1995-03-01,0.008207549850951353,0.02598169174145495,0.2156394186343966,7.335982949580044e-17,0.7501713397731972,2.2378610466458615e-17,-1.36806044100871e-18,-2.0252930694986333e-18
1995-04-01,0.006055920088080077,0.01650005351023768,0.23671464936021555,6.958668416968871e-18,0.7407293770414668,-1.7840742790606114e-19,1.0100785751379141e-17,1.5748293988252146e-17
1995-05-01,0.017524157845056558,0.015534053103094594,0.23406871876463795,-2.0498197323554068e-17,0.7328730702872109,-3.559665500231714e-18,1.746920750417269e-17,1.1030408165601424e-17
1995-06-01,0.021386489411911642,0.014884808067565782,0.26318846827200637,7.004623660614162e-17,0.7005402342485161,2.9126928257077407e-18,-2.008484524529397e-17,-5.486216128747439e-18
1995-07-01,0.008772505373113545,0.020090255555273377,0.2237806324569839,2.9303951843209775e-17,0.7473566066146292,-6.376464026930373e-18,2.4181096578215766e-17,-3.9563175184779984e-18
1995-08-01,0.010504132201239736,0.03586511075294127,0.20311890037449878,-4.5719450360998115e-17,0.7505118566713203,4.822213273371775e-18,-1.748276003132876e-18,1.5456692716551822e-17
1995-09-01,0.005666617052565414,0.030624432804022363,0.20693311617824828,1.7125965593685174e-17,0.7567758339651639,1.891781054031159e-18,1.0410870546131058e-17,7.24287248032107e-18
1995-10-01,0.008944133357255801,0.008408515146953583,0.2297027360000387,1.2387009820646888e-17,0.7529446154957519,3.5466963567432064e-17,3.957337929572091e-18,-3.113235386167356e-18
1995-11-01,0.01629677774073926,1.8949897017608505e-05,0.2671435075417474,2.927345865710862e-18,0.7165407648204957,3.65376132127615e-17,4.0657581468206416e-17,1.0644808023996421e-17
1995-12-01,0.006727689395255057,-1.8675382421062814e-17,0.2529193050521813,-1.732583002923441e-17,0.7403530055525637,-1.1024401786348798e-17,1.8352553435580055e-18,8.943450422105559e-18
1996-01-01,0.005123190322544988,-3.294364427953962e-17,0.2557283515366359,1.0155605783365112e-16,0.739148458140819,2.997991141445237e-17,6.40991546342873e-17,-2.927306018467477e-17
1996-02-01,8.811345801297555e-18,-2.0154515970322584e-17,0.13650841460047866,2.378927842614062e-17,0.8634915853995214,1.8641552520537165e-18,-2.3008863253434556e-18,-3.112084266981316e-17
1996-03-01,3.5650665478112715e-18,-2.5432089690004945e-17,0.16554977682937255,3.475705729931979e-17,0.8344502231706274,6.397115720234678e-19,1.6561340196371907e-17,-7.226885815381849e-19
1996-04-01,-2.4760813859482014e-18,-8.401209228664949e-18,0.21413472233255984,-1.8665645816294392e-17,0.7858652776674403,-5.8395994664132304e-18,-5.462237469751668e-17,-5.200597479814931e-18
1996-05-01,1.6317528362899483e-17,-5.357691656096639e-17,0.1725516493714797,3.469446951953614e-18,0.8274483506285203,-1.642340478615002e-18,4.762401600955906e-18,8.423455880071724e-18
1996-06-01,3.086343411131141e-18,1.2076772942605568e-17,0.17530455881007476,1.4541064248514428e-18,0.8246954411899252,-4.118942544145235e-17,1.8919080013798617e-18,-1.0166138130017085e-18
1996-07-01,-2.945692929544746e-17,1.693232213250063e-17,0.17650955679715188,-3.651349751705447e-17,0.8234904432028484,-6.263655956647155e-17,-2.2950341322177348e-17,2.8540591422928605e-18
1996-08-01,3.531997987610344e-17,-2.672189899604512e-17,0.17663089120807726,2.477941674204849e-18,0.8233691087919227,4.27761791629234e-17,1.7371514870572532e-19,8.87064055454734e-18
1996-09-01,0.014149205642892832,-9.053088140253962e-18,0.22625449849378487,6.114900252818245e-17,0.7595962958633221,2.168404344971009e-19,4.4289658746032856e-17,7.568466586808032e-18
1996-10-01,0.02693663781564853,-2.53500020454267e-17,0.2584128199886269,-2.1019969619062717e-17,0.7146505421957245,2.0886138413396538e-17,1.194734799496332e-17,-5.441339653161625e-18
1996-11-01,0.007299241751003949,5.3478272157847506e-17,0.2299174645072837,-6.10812398924021e-17,0.7627832937417124,-1.0629773178434828e-17,3.902792079499964e-18,1.1544376832185461e-17
1996-12-01,0.010090879572673855,1.9786689647860456e-17,0.2381395907335013,-1.0679391398982219e-17,0.7517695296938249,-2.1060627200530924e-17,-7.345469718589293e-18,-3.096752455161722e-18
1997-01-01,0.018062750862120294,2.4604613051842916e-17,0.25837610598210764,5.061868892791699e-18,0.723561143155772,1.1993986533120893e-18,1.1180834903756764e-17,3.740064455502862e-19
1997-02-01,0.01787221222091181,4.9873299934333204e-18,0.259676106400986,-9.053088140253962e-18,0.7224516813781021,1.5223125472674548e-17,1.3010426069826053e-17,-1.690013120615727e-19
1997-03-01,0.010980173464709803,1.0252486793566051e-17,0.24635115963267007,4.486564115016578e-17,0.74266866690262,-1.478695809542133e-17,2.0555996645951593e-17,-6.767045214208571e-18
1997-04-01,0.030062320178202755,0.037802554688271234,0.30411445472294446,-8.131516293641283e-18,0.6280206704105815,9.879792296774159e-18,-3.269857870853691e-18,-2.7204218360781057e-18
1997-05-01,0.03738285045777109,0.023606226172925623,0.31535620816080767,5.477931476483011e-17,0.6236547152084956,1.9786689647860456e-17,2.927345865710862e-18,-2.1844363538291252e-18
1997-06-01,0.035629053058277946,0.009509020079837876,0.3302666911907005,-6.871131268126884e-18,0.6245952356711836,9.417542657003892e-19,-1.0408340855860843e-17,-2.792243595637659e-17
1997-07-01,0.055189132223955814,0.028580662680915782,0.3702399524035849,-1.4005689782849856e-17,0.5459902526915436,-4.53416736665227e-18,-7.671577403282198e-18,1.4084386326960923e-18
1997-08-01,0.05017127941885542,0.03935510277289286,0.35363697702538516,2.393376295761751e-17,0.5568366407828665,-1.0950441942103595e-17,-4.797594613248357e-18,9.64939933512099e-18
1997-09-01,0.088996110965814,9.003113196365958e-18,0.3449117570250762,2.430984558619842e-18,0.5660921320091097,7.067642911889882e-18,-9.795936034995983e-18,3.8339252291571396e-17
1997-10-01,0.07847968805275693,-1.5958100726271018e-18,0.32688767187936857,-5.225176845022328e-17,0.5946326400678746,1.0926725019580474e-17,1.5551524911588954e-18,5.781846897957854e-18
1997-11-01,0.08937880684826902,1.7530193876375e-17,0.3331239257042591,-9.35802000126551e-18,0.5774972674474719,9.371572528421579e-18,8.917562868693274e-18,5.238051745820593e-18
1997-12-01,0.07035813496545747,-4.8396074474321704e-17,0.33012564658055954,-5.414234598849488e-18,0.599516218453983,-1.555830117516699e-17,-2.8866882842426556e-18,5.4122017197760774e-17
1998-01-01,0.08048301666137797,2.7023739149201198e-17,0.3363310442953445,2.5925984449559625e-17,0.5831859390432775,-9.64939933512099e-18,-8.605854744103691e-18,2.051852611428817e-17
1998-02-01,0.07224216935679459,-2.0599841277224584e-18,0.3268039289364954,5.421010862427522e-20,0.60095390170671,1.3118846287074604e-17,4.092863201132779e-18,-2.970713952610282e-17
1998-03-01,0.07815874897668015,-1.2298918394132441e-17,0.33277441543234293,5.421010862427522e-20,0.589066835590977,-2.3987973066241786e-17,8.687169907040104e-18,5.922454367202068e-18
1998-04-01,0.09321613449698961,1.965179965101021e-17,0.3416155703043979,-1.0199758992599471e-17,0.5651682951986127,-3.2932640989247197e-18,3.877018030348702e-17,-3.13306899277525e-17
1998-05-01,0.08156892903149547,-4.899238566918873e-18,0.3293972822462443,1.2400562347802957e-18,0.5890337887222602,-3.3881317890172014e-18,-1.9447876468958736e-18,-3.9668246985813393e-17
1998-06-01,0.09090105477205515,-9.215718466126788e-19,0.35040005797513385,-8.998878031629687e-18,0.558698887252811,1.802486111757151e-17,-2.4638494369733088e-17,3.279711571768651e-18
1998-07-01,0.09210182246039247,8.673617379884035e-18,0.3220095641107433,-1.2525923223996593e-17,0.5858886134288643,-1.0981782161152004e-17,-1.3222184306639628e-18,-1.128247885742728e-18
1998-08-01,0.11802517566712498,2.7592945289756088e-17,0.36479781839919867,6.383240290508407e-18,0.5171770059336763,-4.133520782600986e-18,1.1045309632196076e-17,-1.0272815584300155e-17
1998-09-01,0.10042905108517206,-1.2153906353562505e-16,0.26422272597502006,5.353248226647178e-17,0.6353482229398079,-3.2526065174565133e-18,6.884683795282953e-18,7.16386585469797e-17
1998-10-01,0.09905577615946008,-1.1490848962451838e-17,0.1357320212298597,6.264825084482256e-17,0.7188918622445759,0.046320340366104246,1.6676384665542665e-17,5.67478193342491e-17
1998-11-01,0.06320427673996458,0.024462744132848324,0.1447938939291586,6.730876175206005e-18,0.6473518499104574,0.12018723528757101,1.6357949458029375e-17,1.1279751546380382e-17
1998-12-01,0.08177571906134383,0.011127450899101402,0.17451453432279904,4.9873299934333204e-18,0.676014636004403,0.05656765971235268,5.776764700274328e-18,3.724234462487708e-17
1999-01-01,0.07797005628716533,0.040037131388277074,0.1521978797654301,5.136407792150077e-18,0.6780289309381606,0.051766001620966944,1.111307226797642e-17,2.053207864144424e-17
1999-02-01,0.04787141986649886,0.05313070411473359,0.13410000166896704,5.745843349941176e-20,0.6763714467381333,0.08852642761166722,1.5739812316886908e-18,-2.4256616007457434e-17
1999-03-01,0.02506753695196707,3.220080452281948e-17,0.11702493999541756,-2.5399002775060105e-17,0.7047389159405079,0.1531686071121076,1.3952070098230005e-17,1.4763770258967564e-18
1999-04-01,0.04949963312449361,5.583641188300348e-18,0.09670556616153854,1.5844599507504042e-17,0.7350515097390122,0.11874329097495558,-2.150850996715686e-18,9.116951533811996e-18
1999-05-01,-3.3121546667737226e-17,1.7287625490282983e-17,0.0798429682687915,-3.898449818694534e-18,0.8000549702077804,0.12010206152342813,-1.8529591101426506e-17,-5.622600062992221e-18
1999-06-01,1.4221759612992578e-17,3.848657602972804e-18,0.03704755845429081,1.409050239595477e-16,0.8123131741545276,0.1506392673911813,1.7391695122958037e-17,5.009125476362356e-17
1999-07-01,0.0012602927111700264,1.622507675908035e-16,0.025277482372849183,1.7257402867016533e-17,0.828945800547841,0.14451642436813983,-2.0011263839763457e-17,-5.058278543674413e-17
1999-08-01,-1.424325602717776e-17,-8.736845613866003e-17,0.06915011622581305,-6.876748390113196e-17,0.7645043834926561,0.16634550028153083,-9.85078647026053e-18,-2.6485136233702356e-17
1999-09-01,7.369475720275261e-17,-3.050993703451453e-17,0.07453502973950135,3.488066901118665e-17,0.784286720398092,0.14117824986240654,5.571087823518318e-17,6.097873389746672e-17
1999-10-01,0.019461685401906934,3.607682728945516e-17,0.05718488000777398,4.860011844610962e-18,0.7511429991278539,0.17221043546246523,-1.6818655538049726e-17,-1.8543307971124678e-17
1999-11-01,0.028059206029237543,7.335305323222241e-18,0.03735234164850859,-6.660050657671113e-17,0.7746292987453642,0.15995915357688975,1.4301304281441607e-17,-3.083199928005653e-19
1999-12-01,0.061654974965797714,4.4797878514385436e-17,0.014161091857824945,5.291584228087065e-17,0.8255023948473122,0.09868153832906498,-1.7665719147935688e-17,7.266865061084093e-17
2000-01-01,0.04343736028904493,1.6134283579299913e-17,-1.043544591017298e-18,2.8853330315270487e-17,0.8887635252936408,0.06779911441731426,-7.914675859144182e-18,3.180100497171545e-17
2000-02-01,0.05313513272287243,0.0023055822930766467,-2.0282977118487108e-18,1.6711870525538297e-18,0.9445592849840508,5.1228552649940085e-18,-5.2622974491649965e-18,5.1570802303412605e-17
2000-03-01,0.07158794455598817,0.08775457308469205,-2.3323899235594414e-17,2.5275463146068322e-18,0.8406574823593198,1.3518645838178633e-17,-1.1099519740820352e-17,1.1485766764768313e-17
2000-04-01,8.860481684725909e-18,0.04864207121512985,6.653042785556274e-18,5.093788202546235e-18,0.8824832096156537,0.044662175742932256,0.02421254342628412,-4.7704817889358705e-17
2000-05-01,-2.7848601471566966e-17,4.6259282381264815e-19,4.0128226778166834e-18,4.915241375619426e-18,0.9314449187900176,-3.0663738518173064e-17,0.06855508120998259,-6.466218374271073e-17
2000-06-01,2.0954044836687247e-18,-2.2114214074508117e-17,-6.4405066465577094e-18,-1.3512212579180144e-18,0.822673582145858,0.02634472720626517,0.15098169064787675,3.475058813758695e-17
2000-07-01,1.814362237174541e-18,-3.906402488187516e-18,4.690532411292362e-18,3.0652063746213986e-17,0.8428818120385863,4.1824714731072155e-18,0.15711818796141386,-1.0837071748836198e-17
2000-08-01,-4.4899529415427443e-17,1.344287275202923e-19,-1.322618955628169e-17,3.4718979700812655e-20,0.8588986183513782,-1.8114581729615697e-17,0.1411013816486218,2.010708661244349e-17
2000-09-01,-5.301207936711789e-17,8.900258712922961e-18,-3.901525622339581e-18,4.282395676215653e-18,0.8493309504470988,-4.620282196070101e-17,0.15066904955290134,2.6902827736844898e-17
2000-10-01,4.931458290514924e-17,-2.2460798759859138e-17,1.121152771654976e-17,-2.0449879226520796e-18,0.8456312576035284,-3.123909123932469e-17,0.15436874239647147,6.768815377285817e-17
2000-11-01,0.038874430062056924,9.920449878242366e-18,2.0681156440160997e-17,-4.3069931301986664e-17,0.859708588414383,-2.799952110443815e-17,0.10141698152356016,-2.0728393873652344e-17
2000-12-01,0.11307910135524646,2.947674656444965e-17,0.07870821703613422,9.256376047594994e-18,0.7130152499320872,0.09519743167653218,1.2773256844594849e-17,6.166399856011306e-19
2001-01-01,0.09077395138899925,-6.511989298491061e-18,0.08091941598868947,-2.995108501491206e-18,0.6426900512447734,0.14426436702327264,0.041352214354265254,8.375461782450522e-18
2001-02-01,0.07201166514378661,4.506892905750681e-17,0.0764886426093671,3.1848438816761693e-18,0.65429117443105,0.14150006622223987,0.05570845159355638,-2.565493390643825e-17
2001-03-01,0.06865835035842444,4.607859233063394e-18,0.07552313130170075,-2.3551008331038604e-17,0.57014544272018,0.2837348893890629,0.0019381862306319217,-3.6686007011167255e-18
2001-04-01,0.09201516272871595,-4.90059381963448e-17,-2.1412992906588713e-17,-1.0842021724855044e-19,0.5517038915293314,0.3562809457419527,-1.0842021724855044e-18,1.9895109865109006e-17
2001-05-01,0.07770215557610095,1.6202046215080257e-17,0.009362311024494516,-4.8890741715518216e-17,0.557100944390713,0.3558345890086915,-3.049318610115481e-19,4.315802272850111e-17
2001-06-01,0.06123653040920075,-1.0850492054327587e-18,0.01324294516969302,-1.0005153172967796e-17,0.5859392279056349,0.3395812965154715,3.0645652031660586e-18,-6.148442757529515e-17
2001-07-01,0.05498363000784401,4.799253737091497e-18,-3.63207727782644e-18,-4.1016462243653493e-19,0.5605423490853487,0.38447402090680727,3.415236843329339e-18,-3.750968216067234e-17
2001-08-01,0.06331591225638633,2.222614453595284e-17,0.0013979351589358177,-1.610040226140974e-17,0.5557696757525011,0.3795164768321768,5.9631119486702744e-18,-4.1362312880321994e-17
2001-09-01,0.07998861598755715,-3.973600962159374e-17,0.00018836210617026325,6.173176119589341e-17,0.4406995850803382,0.4791234368259344,1.6723818510588906e-17,2.927345865710862e-18
2001-10-01,0.02461372354304391,1.1953328951652686e-17,0.04769522840665673,-1.9244588561617704e-18,0.44042340552385856,0.4872676425264408,-5.421010862427522e-20,-1.1384122811097797e-18
2001-11-01,0.04414373403617892,-3.74049749507499e-18,0.010869107623471081,7.020209066843641e-18,0.42326932503090164,0.5217178333094483,5.5091022889419694e-18,2.8480635818478595e-17
2001-12-01,0.06409663834982636,-5.821826853068257e-17,0.010269356233681321,7.519619692544777e-17,0.43184069412258846,0.4937933112939039,4.899238566918873e-18,1.886172966945876e-17
2002-01-01,0.042445378734025076,-1.413570934025339e-17,0.004107516577999483,1.207614872900456e-17,0.4315881311603544,0.5218589735276211,6.789392588716844e-18,-1.5052198989182544e-17
2002-02-01,0.040775920623436546,-1.883801274693564e-17,0.013384443502196697,6.776263578034403e-18,0.4189837794398333,0.5268558564345335,6.417121608398579e-18,-1.3078188705606397e-18
2002-03-01,0.05577019262530987,-9.507097799982267e-18,0.0074094682182921446,-7.877406409464993e-18,0.42370490663460597,0.513115432521792,-3.686287386450715e-18,-1.889899911913795e-17
2002-04-01,0.07853420390105767,-2.168404344971009e-19,4.643095803669173e-17,1.7862230791698686e-17,0.3816606857623589,0.5398051103365834,7.318364664277155e-18,7.662598854041303e-17
2002-05-01,0.05302093987320881,-1.0476103491641187e-17,0.03921665225515229,5.95633568509224e-17,0.3212536420382781,0.5865087658333608,3.3732240091455257e-17,1.7835125737386548e-17
2002-06-01,0.04612474637946491,-9.175060884658581e-18,0.10229208052058952,2.9571614254542133e-17,0.26845105353400106,0.5831321195659444,-8.063753657860939e-18,9.690056916589196e-18
2002-07-01,0.08857451936257994,-1.3065483211397583e-18,0.06420901003043863,3.8624702394796095e-18,0.183815702510993,0.6634007680959884,1.138073467930878e-17,9.232659125071874e-18
2002-08-01,0.0822097599879919,-8.935350560585614e-18,0.06209026117477701,1.853646901771311e-17,0.3683127663720426,0.4873872124651885,-6.629726878159409e-18,-2.353989263714426e-17
2002-09-01,0.10998215150290774,2.779962132888614e-17,0.039126519701161155,5.075421419947768e-18,0.39780661721112015,0.45308471158481106,-8.067141789649956e-18,-3.574817850592049e-17
2002-10-01,0.054141374082059136,-9.195337886721507e-17,0.10294853799046481,2.783368211553692e-17,0.39655833967464954,0.44635174825282664,1.5937771935536915e-17,-2.5901427866962792e-17
2002-11-01,0.07934257401687939,1.865505363032871e-17,0.1202759131402406,-1.0089856467693226e-17,0.41077339868801044,0.3896081141548696,2.5492303580565423e-17,6.444226662710717e-18
2002-12-01,0.08691436397685992,1.0519820979631349e-16,0.1272238970327919,-5.822530949205662e-17,0.4045280667486059,0.3813336722417422,1.4398130735224614e-17,3.240324539721326e-18
2003-01-01,0.10261191218748252,2.2524300133386355e-17,0.14006491236675753,-3.1580776405429334e-17,0.392717241913345,0.364605933532415,2.3456036375366085e-17,-8.585525953369588e-18
2003-02-01,0.09170153630577205,3.715764133015165e-17,0.1295644394429614,1.098093512820475e-17,0.35271132663691823,0.4260226976143483,-4.1953541877505496e-17,1.4960295914405453e-17
2003-03-01,0.16405741278361002,-6.402213828526904e-17,0.11792050668110528,7.643625316022806e-18,0.3812143942307524,0.3368076863045325,1.112662479513249e-17,-2.1602728286773676e-17
2003-04-01,0.14975504659580216,-5.976664475826343e-18,0.08741596376664557,6.735605996566196e-18,0.5003184068500429,0.26251058278750944,-8.239936510889834e-18,1.5056857670392443e-17
2003-05-01,0.15473127681354434,-2.142696895021841e-17,0.07916729871824789,2.7871619129402753e-18,0.5002073792977336,0.26589404517047427,6.920259179067634e-18,-1.3785461216563738e-17
2003-06-01,0.17051274653347526,-3.530433324155924e-17,0.05601714273388919,1.4995871298190133e-17,0.48669941419668195,0.28677069653595355,-6.4713317170228546e-18,3.743208000506204e-17
2003-07-01,0.14882614636406746,-1.3505093311022565e-17,0.038831099389982075,-2.6020852139652106e-18,0.5219680688051362,0.2903746854408144,-2.6806898714704097e-17,6.850802477392781e-18
2003-08-01,0.13380839504144668,-9.2970336290632e-18,0.08008213509045953,-1.292911090688964e-17,0.48877758453492925,0.2973318853331645,2.688821387764051e-17,2.1006417091906648e-17
2003-09-01,0.12904749940737184,4.595661958622932e-17,0.19450303123175056,5.421010862427522e-18,0.5989335058190831,0.03849896981127594,-9.242823520438925e-18,0.03901699373051868
2003-10-01,0.12326180259527945,-2.795818589661214e-16,0.17635826654446363,2.2429432443293873e-18,0.5506627286297342,0.10492592856277085,-4.71543241736469e-17,0.04479127366775236
2003-11-01,0.11599684367780967,-1.5195771073742148e-17,0.13296565714200226,4.980553729855286e-18,0.4940271421567155,0.18537443932813316,1.7997756063259374e-17,0.07163591769533942
2003-12-01,0.12192664382613862,2.966987007642363e-17,0.11597610642200805,3.757438154020076e-18,0.4371854123092894,0.2402953332291381,-6.847414345603764e-18,0.0846165042134259
2004-01-01,0.10560850184242591,-3.417947348760553e-17,0.10544501845030081,2.256495771485456e-17,0.445274483243031,0.23984504187237196,-2.3310346708438345e-18,0.10382695459187039
2004-02-01,0.11051439290250786,-2.7592945289756088e-17,0.13442543534226123,-3.2864878353466853e-19,0.48358699327319454,0.1661956930938166,-6.403569081242511e-19,0.1052774853882197
2004-03-01,0.09794091956646363,-7.838781707070197e-17,0.09122895889989122,2.4665599424045226e-18,0.4405066910323641,0.2662228033989052,7.117787262367337e-17,0.10410062710237575
2004-04-01,0.06532481806385745,9.17082571992231e-18,0.12659327251141267,-4.996647355853118e-18,0.4167553494507912,0.21921733006676386,8.44703606649351e-18,0.17210922990717475
2004-05-01,0.11000638698772257,-8.944667923005412e-19,0.12442766510140635,2.537710709973884e-18,0.4269203621650776,0.1801585866294269,-9.605353621863766e-18,0.15848699911636666
2004-06-01,0.05927199469930147,8.531315844745313e-18,0.011066167235504163,2.9883322379131716e-18,0.35481050582252704,0.4041298990579122,2.3310346708438345e-18,0.17072143318475516
2004-07-01,0.07551913133501639,5.2485549543665466e-17,0.022015669186712668,2.6156377411212794e-18,0.35530036799113235,0.36745288172969814,-3.669685540684531e-17,0.1797119497574405
2004-08-01,-4.3112095549461e-18,-3.567334411520294e-17,4.869884547091982e-17,0.038302409536428425,0.26558093175935893,0.5237146459891002,1.3688239898773017e-17,0.17240201271511232
2004-09-01,0.01042499357804599,5.33486761169176e-17,0.05488623352574688,0.2648109781285496,0.20661327891126613,0.36601017020193866,6.940587969801737e-18,0.09725434565445275
2004-10-01,0.014169555896732721,4.0742284762931846e-17,0.17977194954754896,0.32118815274062645,0.09283517346047244,0.28933139394002894,-4.313430580597799e-17,0.10270377441459058
2004-11-01,0.015246929058957468,-1.7572376117148264e-16,0.27994338267601754,0.3177492908016285,0.07214786466273342,0.17544915898320915,8.094246843962094e-18,0.13946337381745408
2004-12-01,1.9744925140780005e-17,3.9782454630051455e-18,0.2727333109381791,0.33196489460272677,1.2104190983988779e-17,0.2523719987184513,-8.292231261949739e-19,0.14292979574064285
2005-01-01,5.185985635818882e-19,-5.576376979174243e-17,0.3040652835546911,0.34362438634554743,-3.9825052510162496e-18,0.19609743900536913,-5.682179954860925e-17,0.15621289109439257
2005-02-01,0.00552295035097272,-3.387931470133229e-17,0.2473807756202755,0.2831379501832896,1.8441174640872443e-17,0.30474777221316995,-3.284353495157964e-17,0.1592105516322922
2005-03-01,0.01727203060377774,-7.359022245745361e-18,0.3537414635857197,0.3548137977588494,2.3866000321837166e-17,0.1239143981514469,5.407458335271453e-18,0.15025830990020628
2005-04-01,0.03135922577631686,-4.5992194970014e-17,0.3638130333394225,0.3847069120519736,3.108356806539106e-17,0.08854779589965624,-1.358894957280074e-17,0.13157303293263092
2005-05-01,0.03066402250797261,-4.733897735614834e-17,0.40163008956909435,0.33877349386124717,-4.8134341293620125e-17,0.08622241506644084,4.572453255868164e-17,0.14270997899524523
2005-06-01,0.0341214508490145,-1.5720523944047384e-16,0.4556204118508835,0.3434036223640413,0.033401307480656256,0.020796278872407852,1.7777461653426138e-16,0.11265692858299657
2005-07-01,0.033017498050369964,2.847555362079507e-17,0.43781224844920097,0.3653991743166216,-2.6639186191147746e-17,0.06887850462141344,7.421363870663278e-17,0.09489257456239392
2005-08-01,0.049928694684628426,-5.3726876327866643e-17,0.4226423536321923,0.3805306805986591,0.02031167498823019,0.06392227738001907,-8.06968288849172e-18,0.06266431871627097
2005-09-01,0.025319819552041326,-9.828970319938901e-17,0.4007478167161432,0.412214973625182,7.348180224020506e-17,0.11315520414614927,-7.39019305820432e-17,0.04856218596048434
2005-10-01,2.270560946652486e-17,-1.6452524602796603e-16,0.42162062329808747,0.42364776393134934,6.120672232670366e-17,0.11697054275830938,2.3222661259836886e-17,0.037761070012253914
2005-11-01,0.005413960021444884,-2.0867420620108498e-17,0.493136609741917,0.33259643782344306,0.034274885073540005,0.05602483523794157,-7.958176387939234e-17,0.07855327210171353
2005-12-01,-7.270413026461676e-17,1.506379829451673e-16,0.5233029081562588,0.34398283198622015,0.026971702259619066,0.035797847176837864,-2.0569266366731665e-17,0.0699447104210641
2006-01-01,0.009185033588741804,4.54009659728305e-19,0.5062180063085912,0.3342431514302415,0.007026624416729226,0.05079236534267141,-3.584643432780199e-18,0.09253481891302497
2006-02-01,-2.0191187102519984e-17,1.6592842265297963e-17,0.5522475997597562,0.19892982791460115,3.61905518901518e-17,0.1543646443469247,8.51521877072295e-18,0.09445792797871784
2006-03-01,1.8754280401162252e-17,-1.656536000735116e-17,0.5715422345340185,0.13458359735335113,-4.061933042724081e-17,0.1939659560421736,-8.948335800518281e-17,0.09990821207045698
2006-04-01,4.487615188891281e-17,4.941283875667715e-17,0.5479847928389017,0.11857143450549477,-7.880918281499914e-18,0.2192098701181177,6.177339711443427e-18,0.11423390253748567
2006-05-01,3.012407938088516e-17,7.103411354508955e-17,0.5645712012599454,0.07000475038954931,3.280717844979478e-17,0.23745888401979412,2.832896354321399e-17,0.12796516433071098
2006-06-01,-2.531776624689672e-17,4.820116424434163e-17,0.46976090000664317,0.07362124366100488,4.7460557535509967e-17,0.32872930913223586,-1.0644331295099987e-17,0.12788854720011603
2006-07-01,5.0576551734927416e-17,-2.8136490819400916e-16,0.4604567714064695,0.03554818579924058,1.2471943134143986e-16,0.3805767432329259,-7.173222236701414e-17,0.1234182995613642
2006-08-01,5.563423015334222e-17,-1.3910053068410805e-16,0.4150765145945268,7.699644996541655e-19,-8.117434810325214e-17,0.4071564178305016,1.5898452881323942e-16,0.17776706757497157
2006-09-01,2.8812627390062614e-17,-6.909722989123972e-17,0.4603808296824624,-1.7061481073572471e-18,1.1097050828713442e-17,0.3783034197945046,1.5855947464207917e-17,0.161315750523033
2006-10-01,9.273110833115783e-17,-3.253427683690921e-17,0.4620925153124232,0.002448149403543083,0.0007872531278418607,0.3781896850539031,-4.308288045089162e-17,0.15648239710228878
2006-11-01,-8.376642473305833e-17,6.283530373608323e-17,0.4823925457536784,0.09578705089203526,-2.8500431149094623e-18,0.27476737889365865,8.368975613118353e-17,0.14705302446062768
2006-12-01,4.825552624980103e-17,1.107210279435993e-16,0.30138339475456893,0.14277813932118674,0.01300196013924369,0.3776829208373766,2.9122340681865453e-16,0.16515358494762353
2007-01-01,-1.0380493757368732e-16,2.631605108062232e-16,0.23419346183071296,0.11335326581391236,0.06164015803592484,0.38784534949728183,-1.1552687707263577e-17,0.2029677648221679
2007-02-01,-2.3467789467072966e-18,4.487732198753368e-17,0.2974834658692953,0.07173539718675333,-4.561371730814312e-17,0.4258522264800726,-4.414928321314558e-17,0.20492891046387873
2007-03-01,3.475138576610418e-17,-7.768281373302623e-18,0.23755299842767463,0.3415842457130901,-5.7705319854454e-17,0.23530113737737815,-3.4385882427940574e-17,0.18556161848185723
2007-04-01,-1.976749351031527e-17,1.3595169829286946e-16,0.5214712071993742,0.40957620567160097,-3.575267900829765e-17,3.040264316177226e-17,-4.307530925446215e-17,0.06895258712902469
2007-05-01,-7.341806084497334e-17,6.929768248648046e-17,0.5354845154827801,0.4114159409561152,-9.306942046606311e-17,2.0794174717533628e-17,-3.097998971027678e-17,0.053099543561104835
2007-06-01,-6.945819438655237e-17,-1.3732715503561854e-17,0.5159574286426916,0.3973638255374619,-5.815678523486122e-18,0.007931467399294283,7.059574012580232e-17,0.07874727842055226
2007-07-01,1.2999596295583842e-16,-8.819837052294814e-17,0.45193224635838447,0.4388900399853224,5.2536038783476136e-17,-2.7308587617553407e-17,1.6419397475482401e-16,0.10917771365629289
2007-08-01,-6.7166722819086e-17,2.1943969828111313e-16,0.43186378461484115,0.4259741376808678,-2.8162001149021793e-17,-2.817287202514806e-18,-7.05923649097695e-17,0.14216207770429112
2007-09-01,-6.466368442893844e-17,3.0162640890277824e-18,0.3871632837643014,0.46627075164070375,1.5740851639487717e-17,-1.5298780701309604e-17,-9.9687799277408e-20,0.146565964594995
2007-10-01,-1.5677925155314103e-17,4.0919953451303245e-17,0.2846474292014676,0.5719280224863609,-1.4567251105401134e-17,-5.724654789422087e-18,-2.3879847040895842e-17,0.14342454831217152
2007-11-01,1.4535314495309202e-17,-3.582787604504844e-17,0.2412537048700633,0.6062537359234055,-3.2410554329419e-18,1.6633956518088007e-18,3.3197605125309275e-17,0.15249255920653124
2007-12-01,-7.713021780978589e-17,2.1806246602674037e-18,0.39577741006254663,0.4216696490675748,-1.199038595625376e-17,-4.283774029906223e-17,2.3079865315599243e-17,0.1825529408698787
2008-01-01,0.003228286925812056,1.966132877166682e-17,0.34805757646132907,0.4576607894024935,6.139294801699169e-18,-2.4123498337802474e-18,2.6020852139652106e-18,0.19105334721036538
2008-02-01,-1.916485108425269e-17,-1.099892341767668e-17,0.39411183808471045,0.3640275796122145,-4.6709748826323273e-17,-2.049330848313115e-17,1.3324069589634829e-17,0.24186058230307506
2008-03-01,3.0740309424256766e-17,1.3637258070622432e-17,0.37762846387194593,0.4148861410266532,-1.3722246770643052e-17,-2.3447516883431242e-17,2.3308264966766585e-18,0.20748539510140077
2008-04-01,2.7197531718141693e-17,1.0385913953778318e-17,0.4300182461939538,0.370761249562713,-9.844351999049729e-17,-2.266658652667146e-17,-3.698952147000152e-17,0.19922050424333335
2008-05-01,-8.236327107451528e-17,3.572631920197004e-17,0.37085423664788847,0.4025207001204393,0.0347880718695839,1.1053358062632624e-16,-6.92047101740235e-17,0.19183699136208834
2008-06-01,-2.5404436615143914e-17,-8.469139723041174e-17,0.32456717806838453,0.4202726468081461,0.08853803349886867,5.832692770481301e-17,6.153717723602036e-17,0.16662214162460068
2008-07-01,2.0512562983334085e-18,-4.420662060275496e-17,0.18877112530056628,0.44341380490777127,0.21859057301726628,3.819977390118787e-17,-5.574383925831039e-18,0.14922449677439611
2008-08-01,8.170557751523638e-18,-8.805024278443223e-17,0.4996981963451962,0.4732777630166466,8.400491224327173e-17,-5.5469407905106674e-18,-5.756426612591216e-18,0.027024040638157224
2008-09-01,3.0632048127393385e-17,-7.82542565690803e-17,0.5034885877520714,0.465234121678551,-4.052999860057078e-17,1.5252055305127298e-18,1.6908628928220632e-16,0.03127729056937743
2008-10-01,9.585433422096839e-18,7.748780651994599e-17,0.5161951698633562,0.3673178653207072,0.04409019055227987,5.001495553347664e-18,-5.794923930200274e-17,0.07239677426365657
2008-11-01,-2.237112712518785e-17,-1.707032436730586e-16,0.797727318510646,0.06720571659608127,-1.2163997227054416e-17,9.11682061399181e-18,-6.94720415369354e-17,0.135066964893273
2008-12-01,-6.497330853195798e-17,9.000109908752522e-18,0.6204159579359274,2.305031992117308e-17,-1.712769338914036e-17,-4.74207667665511e-17,-3.357500734170681e-17,0.37958404206407276
2009-01-01,-2.61795029015294e-17,6.660672536655781e-17,0.6216508034312329,-7.072943267343698e-18,9.849987876144834e-19,1.2964773127261694e-17,-4.108045845926185e-17,0.3783491965687671
2009-02-01,-5.879005002240378e-17,3.6947882000232045e-17,0.47296528207282157,-9.836363213711762e-17,0.08626618707834624,1.989595554578159e-17,-9.525809112337073e-17,0.4407685308488323
2009-03-01,2.778723658999212e-17,-2.5531824467192988e-18,0.5518880311198857,4.449128504472819e-17,0.0005868880025199212,6.6799423901568e-17,6.311053470185027e-19,0.4475250808775943
2009-04-01,3.29436774807676e-17,9.396403941746457e-18,0.5108890105148195,-1.6954376198864185e-17,4.6533792205437005e-17,-3.8725191950654047e-17,4.641604570828299e-18,0.48911098948518056
2009-05-01,7.324059764275293e-17,1.8001394765203275e-17,0.4902935278803631,-3.9979689317668485e-17,6.371128818026372e-19,1.506246882000689e-17,2.292896484576585e-18,0.5097064721196368
2009-06-01,-5.760905297138799e-17,-5.291123755028313e-17,0.4907558661916031,2.849240040653967e-17,-3.7369097750059496e-17,5.1626319604594845e-17,-2.8628451828384475e-17,0.5092441338083971
2009-07-01,1.096601103733746e-17,-1.495215252484374e-17,0.5421330970575055,1.0910923201739398e-17,3.091028551547283e-17,2.941461404391715e-18,-3.2541991725999354e-19,0.4578669029424946
2009-08-01,1.100476880664315e-16,9.26353387953679e-17,0.5351455996947961,-8.981957016481396e-17,4.341440829469778e-17,-5.0484265762323044e-17,-5.432561233525257e-17,0.4648544003052038
2009-09-01,3.5629534881019915e-17,1.762111135990412e-17,0.5481973914869719,2.1143475825897912e-17,1.2119464675740377e-16,1.3861596181408391e-17,4.1875817290955296e-18,0.4518026085130279
2009-10-01,5.901225977789388e-17,-5.879146745108447e-17,0.5976467430935871,-4.003561551718646e-17,5.883833444486829e-17,-9.245864250364545e-18,-4.238183795140274e-17,0.40235325690641294
2009-11-01,6.103735652295995e-18,3.061866220391462e-17,0.6242795747210907,1.433382810331518e-17,-6.2508913940622e-17,4.720240927351104e-17,-3.2198219547307447e-17,0.37572042527890925
2009-12-01,2.049519928803375e-17,-2.0606472847563685e-17,0.608902814472276,-3.79895536619401e-17,-8.60922532550714e-17,-4.2421160365629124e-18,4.240164063684456e-17,0.391097185527724
2010-01-01,2.0066977590843663e-17,7.785276038834517e-17,0.6025979590209645,8.032265211344163e-19,6.960368425442391e-17,-7.197525841674493e-17,8.271805199668295e-17,0.3974020409790353
2010-02-01,1.1510829692029427e-16,1.7558395495906964e-16,0.5648525929780313,-9.38042324571668e-17,-1.8552326775309454e-17,-2.977327974955894e-17,4.0552746744227556e-17,0.4351474070219686
2010-03-01,1.7928843278985046e-16,1.907434762880817e-16,0.5742561635151675,-6.150456438888127e-17,-7.559975973825533e-17,-1.4467199998904477e-16,-3.010590105488908e-17,0.4257438364848325
2010-04-01,-3.593056327352994e-17,5.630857731652905e-17,0.6177208641094519,4.768281222551351e-17,-1.2743636763521403e-16,1.7881349214895106e-17,1.5844208844669332e-17,0.3822791358905481
2010-05-01,5.738350655805402e-17,-7.261962399925891e-17,0.3994207993025252,1.48305463793041e-17,0.13199649761704885,-7.201184400920803e-18,1.999015383379506e-16,0.46858270308042577
2010-06-01,2.789932470115012e-17,-2.1480614153061904e-17,0.4318202027815059,-1.4206180295096315e-17,0.03204767794528879,-6.354439933059973e-17,-2.261709546946561e-17,0.5361321192732055
2010-07-01,3.541685384348789e-17,-8.897478240033556e-17,0.5003668841340341,-1.1318809433080993e-16,-2.0937666607211726e-17,1.0436691721811567e-17,-5.473754891295543e-17,0.4996331158659663
2010-08-01,-1.274129774733903e-16,7.656429517537701e-17,0.48025072953008807,8.324313018491856e-17,1.3108857745780724e-16,3.844787714642493e-17,-3.556827640281642e-17,0.5197492704699118
2010-09-01,-1.029989846259658e-16,-2.4239525296383165e-17,0.515075163216552,2.137508768961875e-17,-6.782682688321006e-17,1.4911251706482832e-17,1.4848168692541868e-17,0.48492483678344805
2010-10-01,7.635484864207859e-17,-1.75840806844103e-16,0.48673371062287296,7.598289748817207e-17,2.0097871629735892e-16,-7.293272913214261e-17,7.524775401033101e-18,0.5132662893771269
2010-11-01,-7.571080885982179e-17,1.74979287475127e-17,0.48859150159714765,3.6428208009401195e-17,-2.872148852951543e-17,5.920028431745703e-17,-3.705962889987048e-20,0.5114084984028524
2010-12-01,8.059892356832457e-17,-9.286555506111257e-17,0.4479511362391156,-3.4586279153968893e-17,-1.2129423584788434e-17,1.3656542488794924e-17,-8.600433208671954e-17,0.5520488637608846
2011-01-01,-1.79590697396115e-17,8.867626116112876e-17,0.4537132050852377,-2.3585932552021405e-17,8.897829036047813e-17,-8.033950660594212e-17,1.7581619333844453e-17,0.5462867949147623
2011-02-01,3.675848582884303e-17,-2.183028178919371e-17,0.45480320723997175,-2.9916444770546636e-17,-1.287310053744997e-18,-3.637947303539491e-17,3.516820241083137e-17,0.5451967927600282
2011-03-01,-1.693696104370792e-17,-2.4267375006074687e-17,0.43619797983273895,-4.9884243286382184e-17,-7.778790938474027e-17,-5.768850387637e-17,7.33607755774425e-18,0.5638020201672612
2011-04-01,-2.808097743942643e-17,-3.752924489680842e-18,0.48826419527050263,-6.095536852763955e-17,0.12300053730276984,1.3748537776053711e-17,4.9344884434858765e-18,0.3887352674267276
2011-05-01,-2.8840156447573973e-17,2.8216225805714e-17,0.5054558904166576,3.9060573167640725e-17,0.09649984731921397,5.99083473752078e-17,-1.495576513761348e-17,0.3980442622641283
2011-06-01,-9.331710636128915e-17,-2.7660802191943363e-19,0.5992774879198652,1.9378035815229188e-17,6.254106553575081e-17,-1.1566527136954519e-17,-1.0166471400894803e-16,0.400722512080135
2011-07-01,2.3554021465198252e-17,5.019278869989984e-17,0.516583116154931,2.367828585331916e-17,0.06383626818328744,-9.889504916556275e-18,-3.2457059630852854e-17,0.4195806156617815
2011-08-01,1.2024786319070883e-17,1.1583234747734958e-16,0.5123702890915879,-7.924706599884153e-18,0.02848583167803341,-6.286366956845914e-17,3.272464246561293e-18,0.4591438792303787
2011-09-01,-2.0677170931699418e-17,6.475388411692165e-17,0.5288882440629551,1.8927949170558173e-17,0.07313223786411006,-1.7934410160938025e-17,-6.985285949784307e-18,0.3979795180729348
2011-10-01,1.7960876647167963e-18,1.3456732988784519e-17,0.3514087235901926,-5.0419522082074503e-17,0.16426561211778096,-1.1142882302568925e-16,1.374607912302064e-17,0.48432566429202667
2011-11-01,9.32457250104045e-17,-3.903306458117033e-18,0.3012691898132813,-1.9723327121049262e-17,0.2519677225171869,5.448667310140457e-18,-4.579581524945176e-17,0.4467630876695317
2011-12-01,-4.571131153852708e-18,1.560988122652642e-16,0.2832567572209605,-3.7361191454673154e-17,0.2764688089221576,-1.3812075060149947e-16,-1.394786083307547e-17,0.44027443385688203
2012-01-01,-9.296226674811097e-18,9.357219838292588e-17,0.29106234171479944,-1.0783798631048479e-16,0.30664005556908114,-6.0040202622483e-17,9.949524271693063e-17,0.4022976027161194
2012-02-01,-4.119728088773405e-17,-6.716587701397887e-17,0.27325661186245676,-1.8917882061536282e-16,0.32386842064118354,-3.3420094234921024e-17,-1.2746157199783759e-17,0.4028749674963601
2012-03-01,2.7205819120947503e-17,1.9840033847437627e-17,0.2698906794113434,-9.79545909609992e-17,0.3197902384523466,1.2619000935182663e-17,9.450214365535015e-17,0.41031908213630985
2012-04-01,-1.4977777670803352e-16,2.3537334679720215e-16,0.2677662631877045,1.5957817839385985e-18,0.34389303131603555,-1.9063415575109483e-16,-7.98459456864936e-19,0.3883407054962602
2012-05-01,9.706340222019402e-17,1.0215549367045979e-16,0.21042974291020633,1.1830276042981337e-16,0.4370415969893249,6.20648222148478e-17,1.0676910112531888e-16,0.35252866010046824
2012-06-01,-4.5983978632201406e-18,2.1688807341187096e-17,0.15113033734554637,4.848221585498941e-17,0.41114781479348045,-4.380240286685652e-17,-3.0515798372991785e-16,0.43772184786097346
2012-07-01,-5.870944007567174e-17,5.1831633882628125e-17,0.13508082283451361,5.330237611906609e-17,0.4245647915436466,1.1032436626207252e-16,-4.641317325748451e-17,0.4403543856218397
2012-08-01,-6.402514052430611e-17,4.596121880297369e-17,0.1312141797803179,-1.3323131869512778e-16,0.4562618494847529,-1.8831976010518818e-17,1.784305950961512e-17,0.4125239707349293
2012-09-01,1.2904866721946905e-17,1.873461662637573e-16,0.1404032570699655,9.257885551499639e-18,0.455887945573616,5.4716654693556495e-18,-1.750768526015769e-17,0.4037087973564183
2012-10-01,1.309016158190105e-16,-2.5483492269905903e-16,0.1537442328233583,3.978639803196057e-18,0.44224932038775167,-3.227628676436509e-17,3.587079558416705e-17,0.40400644678889014
2012-11-01,-1.638373796617257e-17,-5.893224923718323e-17,0.1812654847809997,-1.8692883276948896e-17,0.4115417457715048,-4.568421548904894e-17,-2.479499035263201e-17,0.40719276944749566
2012-12-01,-8.922449473342393e-17,6.380605451047413e-18,0.21287517594057936,5.318047026317067e-17,0.361167858321358,-6.730441466411004e-17,5.763859555524016e-17,0.42595696573806274
2013-01-01,-3.9190471939469636e-17,-1.1050401519089562e-16,0.19926168329939822,-1.86585894305161e-17,0.3615035312526767,1.0091098375495305e-17,3.972212777132514e-17,0.43923478544792516
2013-02-01,-3.866112617504291e-17,-1.321960923856065e-16,0.21033422744240857,-9.075655370280743e-19,0.3618665024733603,4.149685673826797e-18,-9.497522210848864e-17,0.42779927008423146
2013-03-01,-1.3914934252045883e-16,1.1849502958387968e-16,0.20276984947843357,3.785736832403362e-17,0.38661399607948843,-1.2774258700264806e-16,-2.877146385633058e-17,0.4106161544420782
2013-04-01,6.949578291775898e-17,2.3566960495125637e-17,0.17276772271847618,-1.1073785910452384e-17,0.3857989316315617,-5.597375588857301e-18,9.986184811252634e-18,0.44143334564996206
2013-05-01,-1.4158980213116028e-17,-5.500960015533284e-18,0.1545084118794474,6.910237578236571e-18,0.36573067462746756,-1.0741978098902644e-16,3.9362163695842547e-17,0.4797609134930852
2013-06-01,-4.770286926024277e-17,2.848573060594656e-17,0.10911667674851766,4.028686357493962e-17,0.4701563323880425,2.6604025292068447e-16,-4.887192011981362e-17,0.4207269908634397
2013-07-01,-8.283617840253954e-17,6.452265251122595e-18,0.12424321175398877,1.2978585307527824e-16,0.4415444346532751,-4.580330536457179e-17,-1.8833723416718507e-16,0.4342123535927364
2013-08-01,4.055560922622987e-17,-3.762859007992415e-17,0.09607401775845624,-3.3310512508689845e-18,0.47903506080241526,9.205132711117754e-17,-3.739433175066136e-17,0.4248909214391285
2013-09-01,1.576742341873878e-16,5.689451121069973e-17,0.1866792993354576,5.902081403471511e-17,0.40284784751868424,9.492545950108091e-17,-5.0008237831296566e-17,0.4104728531458579
2013-10-01,2.136235003170188e-18,6.554986162200134e-17,0.18224901744287145,5.2438809579446036e-17,0.39112135750915134,-1.761701347616959e-17,-2.2442588996379904e-17,0.4266296250479772
2013-11-01,6.379841461146158e-17,-1.9827732962353036e-18,0.16764786304823148,-8.971991371183007e-17,0.44595314551461523,3.0049858001390516e-17,1.5258741787038452e-17,0.38639899143715334
2013-12-01,-1.0137256999262188e-16,2.2834538127837424e-18,0.11848863120113587,9.29484497705356e-18,0.47896730689072087,-1.0621139415316526e-16,3.688904241458122e-17,0.40254406190814346
2014-01-01,2.0563836628843002e-16,5.2231276778379224e-17,0.13101064915339122,-1.6690571452171348e-16,0.448658212300496,1.1313676534534116e-16,-8.084056094085281e-18,0.4203311385461126
2014-02-01,-1.636775891495455e-16,-4.1646393111015005e-17,0.15931978567207833,3.6842459066490045e-17,0.42056663258350907,8.682055772866514e-17,9.066435312562712e-17,0.4201135817444126
2014-03-01,-1.7479631045549786e-17,-3.8676103940394765e-17,0.12484609779135045,1.1054147729529224e-16,0.4831104629610297,1.170243416600594e-16,8.59304342116056e-17,0.39204343924761964
2014-04-01,1.2226144275352725e-17,5.450629025339144e-17,0.11009041908416584,3.676119762116308e-17,0.4884870473322844,4.6427713925398824e-17,-8.511945736367496e-18,0.40142253358354973
2014-05-01,1.195858218417178e-16,-1.234220640413251e-17,0.16331511532190496,6.483770084644933e-17,0.46335846804140285,2.290809975278093e-17,-6.518251004832903e-17,0.3733264166366921
2014-06-01,4.370918646539297e-17,4.0244747165863435e-17,0.141876535306559,6.023848036298732e-17,0.5031649081839255,-1.4522650800557694e-17,7.082349287420382e-17,0.3549585565095154
2014-07-01,6.314763890205608e-17,2.0805108647007804e-19,0.12755771906905783,-1.59790641072913e-17,0.4851593809215829,1.237638570666218e-16,-1.670427958183494e-17,0.38728290000935905
2014-08-01,2.912778284498679e-17,8.211007950616501e-17,0.023151002519324934,2.1960326471461452e-17,0.5230978630208928,2.066925983205132e-17,1.2626748625535764e-16,0.4537511344597821
2014-09-01,-3.8444368006102254e-17,5.4403018548308905e-17,0.07092977687468965,-4.65914260246743e-16,0.4840956795135169,-3.6219120298988e-18,-3.9489484174252596e-17,0.44497454361179384
2014-10-01,1.6488416596946091e-16,8.213738185905063e-17,0.030172640482878217,-2.1717620083426395e-16,0.5174749955623966,6.668189408788795e-17,-1.0142912560354386e-16,0.4523523639547251
2014-11-01,-1.659716043573682e-17,-1.2223597039624777e-16,-1.121363203642122e-16,1.7349321993977458e-16,0.5581342574525798,2.6516911950726042e-17,3.864300060213317e-17,0.44186574254742
2014-12-01,-3.6129813810336794e-17,-8.483230912400388e-17,4.955104824473531e-17,2.2148984949577747e-16,0.7882721777014831,3.544337859602284e-17,-4.643114869848372e-18,0.21172782229851686
2015-01-01,6.103262319722275e-17,1.497729045476754e-17,-1.5930989467133085e-16,-5.515164886272336e-18,0.7979202117133661,1.5051073475395854e-16,-8.765312669704295e-17,0.20207978828663384
2015-02-01,-4.6365421246286364e-17,-3.4066991295971286e-17,0.03176176110683144,4.026371483360135e-17,0.737642928219613,7.486634112407868e-17,-3.0530090286464936e-17,0.23059531067355568
2015-03-01,-5.729360482815223e-17,-6.702204971007645e-17,0.037152425884717726,-1.939121726097045e-16,0.7539230683699788,-1.4512108891847295e-17,2.727638078582026e-17,0.20892450574530386
2015-04-01,3.431443098740391e-17,2.894784943082623e-18,0.07821144141345714,-1.4639068577091309e-16,0.7145497429995838,1.439353529949175e-17,-5.1096331826161475e-17,0.20723881558695914
2015-05-01,4.140887570253432e-17,-3.649599804659728e-17,0.07836420723604695,-1.6674505929179815e-16,0.7046609509789598,4.9976758364724375e-17,1.298222836019489e-16,0.2169748417849933
2015-06-01,-3.3657272293555347e-17,1.5843100287800887e-17,0.07192609488352907,1.4096451821956093e-16,0.6895473523651866,-5.590513080840253e-17,-3.597373101641861e-16,0.23852655275128473
2015-07-01,-2.3404968443602493e-18,3.755500243444606e-18,0.009373368566293483,-6.712607906296472e-17,0.7521805684340235,-4.501446127366357e-17,7.204890217267307e-17,0.23844606299968318
2015-08-01,-1.6421062478625478e-17,2.315340852423614e-17,0.044197741018800245,1.73937027609683e-16,0.7253114052032237,1.0227791638060819e-16,-4.9553509635704843e-17,0.2304908537779759
2015-09-01,-3.339704738750017e-17,-1.1606657140735084e-17,0.03589864953094885,-8.345721822905456e-17,0.7476900715719471,1.2560002408172795e-16,-4.6057461000120793e-17,0.216411278897104
2015-10-01,5.620701090190625e-17,2.0616389053281744e-17,-4.565195298266832e-17,-8.038698383468445e-17,0.7554067232239052,-7.051806446864331e-17,2.4681649501547467e-16,0.24459327677609466
2015-11-01,-3.410836366824242e-18,-3.0387817377194064e-17,-3.0248355648503764e-17,-2.0972483366773857e-17,0.739499311006426,6.115510611646097e-17,8.667458668450449e-17,0.26050068899357387
2015-12-01,5.558225708528254e-17,5.246055983334625e-18,-6.633390580701e-19,2.0052339183843002e-17,0.7155154485315011,-1.088688810982564e-17,-1.9781569910261894e-17,0.2844845514684989
2016-01-01,2.1542772653483638e-17,1.764637723272065e-17,-1.1223217009302968e-16,2.5513964212228754e-16,0.6966935563972518,5.985366897907222e-18,-2.9768240582346596e-18,0.3033064436027479
2016-02-01,1.0541243839595126e-16,5.1159631075703735e-17,-3.2959535210171983e-16,1.7677237527539075e-17,0.731406707462565,1.3298047916381045e-17,5.1633078748671805e-17,0.2685932925374351
2016-03-01,2.078650109301426e-17,-7.549803340982966e-17,-8.872224001352796e-17,3.9542828377832465e-17,0.7675338179617438,-8.858069152139232e-18,8.96287515295741e-17,0.23246618203825628
2016-04-01,1.15760687365697e-16,-3.809732167471838e-17,-6.764677540862649e-16,1.7101654603508835e-16,0.7741879514168969,2.7638790602304903e-17,5.118178657326402e-17,0.22581204858310353
2016-05-01,-6.197290589723284e-18,4.499001042760432e-17,0.059488391933474744,3.383285420329564e-16,0.705550023091281,-1.752642587545654e-17,-2.2567549019355653e-17,0.234961584975244
2016-06-01,2.1930543460596788e-17,6.612705561963896e-17,0.043973016775545104,3.4740903605700616e-17,0.7544689574949989,-3.266165702555962e-17,2.9515804388289546e-17,0.20155802572945594
2016-07-01,-1.1802674313603272e-16,2.3498668117546675e-17,4.430385226027658e-17,-1.9228865000170666e-17,0.8145306890226525,1.3717853877718125e-16,7.957429956114754e-17,0.1854693109773474
2016-08-01,-1.0832718117729927e-16,6.32267314129417e-17,1.9642314067103503e-16,-9.02261334732724e-18,0.8085171345659545,-2.2878746454799737e-16,-7.107030891735155e-17,0.19148286543404566
2016-09-01,1.2666761585983702e-16,5.529252751042854e-17,-6.202256164754219e-17,-1.0735091008119335e-16,0.8158179983103461,-1.1294943244477685e-16,-3.6936912878690635e-23,0.18418200168965407
2016-10-01,-3.326701280859664e-17,2.784480773275895e-17,-1.5614039861731304e-16,1.2655030533548292e-16,0.8064525163513948,1.5933028238764165e-17,-1.3141714316870866e-17,0.19354748364860525
2016-11-01,-4.6075466160317896e-17,2.3557567016668894e-17,4.772614706027321e-17,2.5199465045497644e-17,0.771060262032703,8.478027968119786e-17,-4.6900841013613705e-18,0.228939737967297
2016-12-01,6.560690374450784e-17,-4.429960664163071e-17,1.4003351040053058e-17,8.124841133317612e-18,0.793973359668403,1.8235249531011112e-16,8.106735329886083e-18,0.20602664033159682
2017-01-01,-1.3412609406869657e-18,6.41524606608705e-17,5.35246984041876e-17,1.475021277137109e-19,0.7972812445766736,6.439947126462443e-17,4.3822961493978105e-17,0.2027187554233264
2017-02-01,-6.267633295668381e-17,6.563097527354703e-19,-5.959963654782552e-17,8.937681262624885e-17,0.7902446720229955,1.8996631498926317e-16,-6.8164505264915e-18,0.20975532797700427
2017-03-01,-2.1699742775527196e-17,-1.2585840886881281e-17,-5.669047058341732e-17,-5.241174957033116e-17,0.8207928492670099,-6.922578897221704e-17,-1.7786422382801738e-17,0.17920715073299037
2017-04-01,-1.0112323377607061e-17,3.9955106285085556e-18,2.0853069525317148e-17,6.519366275392805e-17,0.6934660635056851,5.1603064448333576e-17,-2.2884409332990688e-17,0.30653393649431465
2017-05-01,3.1821770977123343e-17,4.350065115507977e-17,-2.790342838036629e-16,9.446977826739769e-17,0.7017097529115559,4.35724288596233e-17,8.99367290243774e-19,0.29829024708844415
2017-06-01,-3.806400862763005e-17,-2.476596608583557e-17,-7.312890021679154e-18,1.7114079893477137e-16,0.7030824069091597,2.787573904570968e-17,-2.1438439180370676e-17,0.2969175930908403
2017-07-01,6.056805497598276e-17,5.248295745822304e-18,8.109875236494541e-17,-4.6449351133375927e-17,0.700488434738411,-6.040745669102782e-17,3.086422348058989e-17,0.29951156526158895
2017-08-01,2.0998071176512345e-18,-8.600008764955617e-17,5.26182783679597e-17,-7.304604378999672e-18,0.7669734576285059,1.0023463237746299e-18,-8.470760945332742e-17,0.2330265423714943
2017-09-01,-2.1713970506615196e-17,3.056716136921991e-17,-1.3064713072139992e-16,-9.109353714098952e-17,0.7206475189695842,4.087954201499611e-17,3.6428574235632386e-17,0.279352481030416
2017-10-01,-2.0466503115890195e-17,-5.967236125738269e-17,-9.563311173050018e-18,-6.154011125224233e-17,0.8021191999766811,-6.869022509258979e-18,-3.9591866260499717e-17,0.1978808000233191
2017-11-01,3.2553167156798664e-17,1.0928220652627995e-17,-2.3457466165719392e-17,-1.0173601204880117e-17,0.8089000581404242,7.70829879070336e-17,-6.886419584023317e-17,0.19109994185957574
2017-12-01,-9.161872880732137e-17,-2.1349448699555567e-16,-4.485276207791216e-17,1.477236875398984e-16,0.794575126461002,-2.0452050924354584e-17,-2.541049484440091e-17,0.20542487353899824
2018-01-01,2.5223417962116063e-17,1.9211645116351543e-18,-7.625911240629808e-17,2.8195304453820346e-17,0.7833552754995147,4.971546058849625e-18,1.9934955885393438e-17,0.21664472450048533
2018-02-01,-1.584290885405869e-17,-1.168807887386954e-17,-5.183126568954141e-17,-1.502077047507168e-17,0.7832758330819056,5.558343604335727e-17,2.2631137756093455e-17,0.2167241669180944
2018-03-01,3.5955730708046963e-17,-3.279083175673467e-17,-4.2535862980347355e-17,1.0793918845397515e-17,0.7807666543661496,4.224656476597096e-18,3.346567723705382e-18,0.21923334563385038
